File,Meth,FSize,MSize,Entropy
bib,AmnesiaCTW,111261,1024,696583.2
bib,AmnesiaCTW,111261,128,826000.7
bib,AmnesiaCTW,111261,131072,337294.5
bib,AmnesiaCTW,111261,16384,486350.2
bib,AmnesiaCTW,111261,2048,648503.4
bib,AmnesiaCTW,111261,256,777812.3
bib,AmnesiaCTW,111261,262144,303285.2
bib,AmnesiaCTW,111261,32768,434312.3
bib,AmnesiaCTW,111261,4096,600437.1
bib,AmnesiaCTW,111261,512,735850.2
bib,AmnesiaCTW,111261,65536,386040
bib,AmnesiaCTW,111261,8192,543000.2
bib,AmnesiaSM1PF,111261,1024,740355.6
bib,AmnesiaSM1PF,111261,128,1093339
bib,AmnesiaSM1PF,111261,131072,220569.5
bib,AmnesiaSM1PF,111261,16384,361079.8
bib,AmnesiaSM1PF,111261,2048,603405.9
bib,AmnesiaSM1PF,111261,256,961387.6
bib,AmnesiaSM1PF,111261,262144,196518.1
bib,AmnesiaSM1PF,111261,32768,306658.5
bib,AmnesiaSM1PF,111261,4096,498959.7
bib,AmnesiaSM1PF,111261,512,847411.8
bib,AmnesiaSM1PF,111261,65536,260307.5
bib,AmnesiaSM1PF,111261,8192,423114.5
bib,AmnesiaSMUKN,111261,1024,739058.9
bib,AmnesiaSMUKN,111261,128,1092957
bib,AmnesiaSMUKN,111261,131072,218572.2
bib,AmnesiaSMUKN,111261,16384,358043.9
bib,AmnesiaSMUKN,111261,2048,601867.2
bib,AmnesiaSMUKN,111261,256,960749.4
bib,AmnesiaSMUKN,111261,262144,194902.1
bib,AmnesiaSMUKN,111261,32768,303637.5
bib,AmnesiaSMUKN,111261,4096,496842.4
bib,AmnesiaSMUKN,111261,512,846560.9
bib,AmnesiaSMUKN,111261,65536,257758.3
bib,AmnesiaSMUKN,111261,8192,420280.7
bib,CTW,111261,195733,305998.7
bib,HashCTW,111261,1024,404672
bib,HashCTW,111261,128,480610.3
bib,HashCTW,111261,131072,308409.9
bib,HashCTW,111261,16384,323095.6
bib,HashCTW,111261,2048,378975.2
bib,HashCTW,111261,256,461640.8
bib,HashCTW,111261,262144,307645.7
bib,HashCTW,111261,32768,315353.6
bib,HashCTW,111261,4096,354797.4
bib,HashCTW,111261,512,433090.7
bib,HashCTW,111261,65536,310634.4
bib,HashCTW,111261,8192,336223.3
bib,HashSM1PF,111261,1024,509537.2
bib,HashSM1PF,111261,128,564974.3
bib,HashSM1PF,111261,131072,240378
bib,HashSM1PF,111261,16384,343121.4
bib,HashSM1PF,111261,2048,473417.9
bib,HashSM1PF,111261,256,553909.4
bib,HashSM1PF,111261,262144,221687.6
bib,HashSM1PF,111261,32768,302466.4
bib,HashSM1PF,111261,4096,431816.2
bib,HashSM1PF,111261,512,536715.7
bib,HashSM1PF,111261,65536,267814.7
bib,HashSM1PF,111261,8192,386266.1
bib,HashSMUKN,111261,1024,535146
bib,HashSMUKN,111261,128,572384.3
bib,HashSMUKN,111261,131072,244281.3
bib,HashSMUKN,111261,16384,363442.2
bib,HashSMUKN,111261,2048,504660.9
bib,HashSMUKN,111261,256,565716.9
bib,HashSMUKN,111261,262144,223360.1
bib,HashSMUKN,111261,32768,315840.2
bib,HashSMUKN,111261,4096,463734.1
bib,HashSMUKN,111261,512,554476.5
bib,HashSMUKN,111261,65536,275601.8
bib,HashSMUKN,111261,8192,414580.4
bib,SM1PF,111261,195734,196518.1
bib,SMUKN,111261,195734,194902.1
book1,AmnesiaCTW,768771,1024,4152717
book1,AmnesiaCTW,768771,128,5451605
book1,AmnesiaCTW,768771,131072,2685154
book1,AmnesiaCTW,768771,16384,3301483
book1,AmnesiaCTW,768771,2048,3875438
book1,AmnesiaCTW,768771,256,5004357
book1,AmnesiaCTW,768771,262144,2455953
book1,AmnesiaCTW,768771,32768,3097425
book1,AmnesiaCTW,768771,4096,3701109
book1,AmnesiaCTW,768771,512,4543370
book1,AmnesiaCTW,768771,65536,2903743
book1,AmnesiaCTW,768771,8192,3531199
book1,AmnesiaSM1PF,768771,1024,4351945
book1,AmnesiaSM1PF,768771,128,7070023
book1,AmnesiaSM1PF,768771,131072,2157434
book1,AmnesiaSM1PF,768771,16384,2776455
book1,AmnesiaSM1PF,768771,2048,3789029
book1,AmnesiaSM1PF,768771,256,6065939
book1,AmnesiaSM1PF,768771,262144,1992879
book1,AmnesiaSM1PF,768771,32768,2542426
book1,AmnesiaSM1PF,768771,4096,3374704
book1,AmnesiaSM1PF,768771,512,5118853
book1,AmnesiaSM1PF,768771,65536,2340533
book1,AmnesiaSM1PF,768771,8192,3051022
book1,AmnesiaSMUKN,768771,1024,4359995
book1,AmnesiaSMUKN,768771,128,7068874
book1,AmnesiaSMUKN,768771,131072,2156885
book1,AmnesiaSMUKN,768771,16384,2777477
book1,AmnesiaSMUKN,768771,2048,3800077
book1,AmnesiaSMUKN,768771,256,6065786
book1,AmnesiaSMUKN,768771,262144,1996362
book1,AmnesiaSMUKN,768771,32768,2540640
book1,AmnesiaSMUKN,768771,4096,3383645
book1,AmnesiaSMUKN,768771,512,5121413
book1,AmnesiaSMUKN,768771,65536,2338254
book1,AmnesiaSMUKN,768771,8192,3055600
book1,CTW,768771,1209592,2023615
book1,HashCTW,768771,1024,2835346
book1,HashCTW,768771,128,3178254
book1,HashCTW,768771,131072,2083849
book1,HashCTW,768771,16384,2278448
book1,HashCTW,768771,2048,2667720
book1,HashCTW,768771,256,3079685
book1,HashCTW,768771,262144,2060695
book1,HashCTW,768771,32768,2191109
book1,HashCTW,768771,4096,2524320
book1,HashCTW,768771,512,2985380
book1,HashCTW,768771,65536,2130271
book1,HashCTW,768771,8192,2394421
book1,HashSM1PF,768771,1024,3473328
book1,HashSM1PF,768771,128,3454285
book1,HashSM1PF,768771,131072,2342353
book1,HashSM1PF,768771,16384,3006086
book1,HashSM1PF,768771,2048,3429721
book1,HashSM1PF,768771,256,3436662
book1,HashSM1PF,768771,262144,2149367
book1,HashSM1PF,768771,32768,2787524
book1,HashSM1PF,768771,4096,3341359
book1,HashSM1PF,768771,512,3444717
book1,HashSM1PF,768771,65536,2560191
book1,HashSM1PF,768771,8192,3199626
book1,HashSMUKN,768771,1024,3550991
book1,HashSMUKN,768771,128,3514415
book1,HashSMUKN,768771,131072,2549349
book1,HashSMUKN,768771,16384,3352213
book1,HashSMUKN,768771,2048,3560792
book1,HashSMUKN,768771,256,3521651
book1,HashSMUKN,768771,262144,2287383
book1,HashSMUKN,768771,32768,3128099
book1,HashSMUKN,768771,4096,3550543
book1,HashSMUKN,768771,512,3535156
book1,HashSMUKN,768771,65536,2843150
book1,HashSMUKN,768771,8192,3491388
book1,SM1PF,768771,1209593,1688605
book1,SMUKN,768771,1209593,1702083
book2,AmnesiaCTW,610856,1024,3315712
book2,AmnesiaCTW,610856,128,4333675
book2,AmnesiaCTW,610856,131072,2014087
book2,AmnesiaCTW,610856,16384,2588041
book2,AmnesiaCTW,610856,2048,3097588
book2,AmnesiaCTW,610856,256,3981088
book2,AmnesiaCTW,610856,262144,1821444
book2,AmnesiaCTW,610856,32768,2411482
book2,AmnesiaCTW,610856,4096,2944068
book2,AmnesiaCTW,610856,512,3627948
book2,AmnesiaCTW,610856,65536,2230148
book2,AmnesiaCTW,610856,8192,2768997
book2,AmnesiaSM1PF,610856,1024,3365520
book2,AmnesiaSM1PF,610856,128,5612560
book2,AmnesiaSM1PF,610856,131072,1403693
book2,AmnesiaSM1PF,610856,16384,1933361
book2,AmnesiaSM1PF,610856,2048,2860456
book2,AmnesiaSM1PF,610856,256,4795123
book2,AmnesiaSM1PF,610856,262144,1286883
book2,AmnesiaSM1PF,610856,32768,1726544
book2,AmnesiaSM1PF,610856,4096,2470244
book2,AmnesiaSM1PF,610856,512,4025646
book2,AmnesiaSM1PF,610856,65536,1561492
book2,AmnesiaSM1PF,610856,8192,2175035
book2,AmnesiaSMUKN,610856,1024,3370703
book2,AmnesiaSMUKN,610856,128,5611376
book2,AmnesiaSMUKN,610856,131072,1398444
book2,AmnesiaSMUKN,610856,16384,1930634
book2,AmnesiaSMUKN,610856,2048,2866933
book2,AmnesiaSMUKN,610856,256,4794543
book2,AmnesiaSMUKN,610856,262144,1284449
book2,AmnesiaSMUKN,610856,32768,1721773
book2,AmnesiaSMUKN,610856,4096,2474429
book2,AmnesiaSMUKN,610856,512,4027089
book2,AmnesiaSMUKN,610856,65536,1554890
book2,AmnesiaSMUKN,610856,8192,2175695
book2,CTW,610856,855071,1542757
book2,HashCTW,610856,1024,2393645
book2,HashCTW,610856,128,2694058
book2,HashCTW,610856,131072,1603808
book2,HashCTW,610856,16384,1826716
book2,HashCTW,610856,2048,2261095
book2,HashCTW,610856,256,2605725
book2,HashCTW,610856,262144,1579294
book2,HashCTW,610856,32768,1717517
book2,HashCTW,610856,4096,2124518
book2,HashCTW,610856,512,2518127
book2,HashCTW,610856,65536,1647651
book2,HashCTW,610856,8192,1962707
book2,HashSM1PF,610856,1024,2847787
book2,HashSM1PF,610856,128,2869619
book2,HashSM1PF,610856,131072,1646519
book2,HashSM1PF,610856,16384,2277887
book2,HashSM1PF,610856,2048,2773861
book2,HashSM1PF,610856,256,2861628
book2,HashSM1PF,610856,262144,1479192
book2,HashSM1PF,610856,32768,2057816
book2,HashSM1PF,610856,4096,2652943
book2,HashSM1PF,610856,512,2871984
book2,HashSM1PF,610856,65536,1843559
book2,HashSM1PF,610856,8192,2482435
book2,HashSMUKN,610856,1024,2913715
book2,HashSMUKN,610856,128,2930081
book2,HashSMUKN,610856,131072,1766305
book2,HashSMUKN,610856,16384,2521719
book2,HashSMUKN,610856,2048,2882136
book2,HashSMUKN,610856,256,2931177
book2,HashSMUKN,610856,262144,1555307
book2,HashSMUKN,610856,32768,2282410
book2,HashSMUKN,610856,4096,2819785
book2,HashSMUKN,610856,512,2927851
book2,HashSMUKN,610856,65536,2018601
book2,HashSMUKN,610856,8192,2702462
book2,SM1PF,610856,855072,1131648
book2,SMUKN,610856,855072,1132957
geo,AmnesiaCTW,102400,1024,632891
geo,AmnesiaCTW,102400,128,669579.1
geo,AmnesiaCTW,102400,131072,542905.8
geo,AmnesiaCTW,102400,16384,563616.7
geo,AmnesiaCTW,102400,2048,625175.2
geo,AmnesiaCTW,102400,256,646518.4
geo,AmnesiaCTW,102400,262144,527447
geo,AmnesiaCTW,102400,32768,556715.5
geo,AmnesiaCTW,102400,4096,598428.5
geo,AmnesiaCTW,102400,512,637267.1
geo,AmnesiaCTW,102400,65536,552578.5
geo,AmnesiaCTW,102400,8192,576803.9
geo,AmnesiaSM1PF,102400,1024,688669.3
geo,AmnesiaSM1PF,102400,128,831742.2
geo,AmnesiaSM1PF,102400,131072,496311
geo,AmnesiaSM1PF,102400,16384,540177.7
geo,AmnesiaSM1PF,102400,2048,645551.7
geo,AmnesiaSM1PF,102400,256,774705.3
geo,AmnesiaSM1PF,102400,262144,485167.8
geo,AmnesiaSM1PF,102400,32768,520916
geo,AmnesiaSM1PF,102400,4096,603982.6
geo,AmnesiaSM1PF,102400,512,731370.2
geo,AmnesiaSM1PF,102400,65536,504807
geo,AmnesiaSM1PF,102400,8192,568458.5
geo,AmnesiaSMUKN,102400,1024,683955.6
geo,AmnesiaSMUKN,102400,128,828487.7
geo,AmnesiaSMUKN,102400,131072,485616.6
geo,AmnesiaSMUKN,102400,16384,534142.9
geo,AmnesiaSMUKN,102400,2048,640086.4
geo,AmnesiaSMUKN,102400,256,771957.2
geo,AmnesiaSMUKN,102400,262144,473593.7
geo,AmnesiaSMUKN,102400,32768,515234.7
geo,AmnesiaSMUKN,102400,4096,597560.5
geo,AmnesiaSMUKN,102400,512,728184.4
geo,AmnesiaSMUKN,102400,65536,497905
geo,AmnesiaSMUKN,102400,8192,561958
geo,CTW,102400,507318,507435.7
geo,HashCTW,102400,1024,570717.1
geo,HashCTW,102400,128,588323.2
geo,HashCTW,102400,131072,508628.8
geo,HashCTW,102400,16384,526621.5
geo,HashCTW,102400,2048,568984
geo,HashCTW,102400,256,586834.6
geo,HashCTW,102400,262144,506857.2
geo,HashCTW,102400,32768,516560.2
geo,HashCTW,102400,4096,554591
geo,HashCTW,102400,512,579905.6
geo,HashCTW,102400,65536,511269.9
geo,HashCTW,102400,8192,540681.6
geo,HashSM1PF,102400,1024,594361.9
geo,HashSM1PF,102400,128,590474.3
geo,HashSM1PF,102400,131072,532384
geo,HashSM1PF,102400,16384,569881.3
geo,HashSM1PF,102400,2048,590330.9
geo,HashSM1PF,102400,256,595085.1
geo,HashSM1PF,102400,262144,515514.7
geo,HashSM1PF,102400,32768,559986.1
geo,HashSM1PF,102400,4096,584422.1
geo,HashSM1PF,102400,512,596376.3
geo,HashSM1PF,102400,65536,548121.1
geo,HashSM1PF,102400,8192,577698
geo,HashSMUKN,102400,1024,616590.4
geo,HashSMUKN,102400,128,610074.2
geo,HashSMUKN,102400,131072,528638.2
geo,HashSMUKN,102400,16384,577528.9
geo,HashSMUKN,102400,2048,610190.5
geo,HashSMUKN,102400,256,616170.1
geo,HashSMUKN,102400,262144,508518.7
geo,HashSMUKN,102400,32768,563985.9
geo,HashSMUKN,102400,4096,601107.6
geo,HashSMUKN,102400,512,618645.9
geo,HashSMUKN,102400,65536,547610.9
geo,HashSMUKN,102400,8192,589766.4
geo,SM1PF,102400,507319,472820.3
geo,SMUKN,102400,507319,461795.9
news,AmnesiaCTW,377109,1024,2179477
news,AmnesiaCTW,377109,128,2680734
news,AmnesiaCTW,377109,131072,1495698
news,AmnesiaCTW,377109,16384,1800397
news,AmnesiaCTW,377109,2048,2066964
news,AmnesiaCTW,377109,256,2514659
news,AmnesiaCTW,377109,262144,1369140
news,AmnesiaCTW,377109,32768,1703416
news,AmnesiaCTW,377109,4096,2003447
news,AmnesiaCTW,377109,512,2337222
news,AmnesiaCTW,377109,65536,1602772
news,AmnesiaCTW,377109,8192,1914747
news,AmnesiaSM1PF,377109,1024,2265332
news,AmnesiaSM1PF,377109,128,3499597
news,AmnesiaSM1PF,377109,131072,1051010
news,AmnesiaSM1PF,377109,16384,1369621
news,AmnesiaSM1PF,377109,2048,1969176
news,AmnesiaSM1PF,377109,256,3071658
news,AmnesiaSM1PF,377109,262144,966016.9
news,AmnesiaSM1PF,377109,32768,1230727
news,AmnesiaSM1PF,377109,4096,1751509
news,AmnesiaSM1PF,377109,512,2641242
news,AmnesiaSM1PF,377109,65536,1128416
news,AmnesiaSM1PF,377109,8192,1555129
news,AmnesiaSMUKN,377109,1024,2267301
news,AmnesiaSMUKN,377109,128,3498839
news,AmnesiaSMUKN,377109,131072,1048842
news,AmnesiaSMUKN,377109,16384,1369456
news,AmnesiaSMUKN,377109,2048,1972600
news,AmnesiaSMUKN,377109,256,3071198
news,AmnesiaSMUKN,377109,262144,964095.1
news,AmnesiaSMUKN,377109,32768,1228815
news,AmnesiaSMUKN,377109,4096,1755719
news,AmnesiaSMUKN,377109,512,2641620
news,AmnesiaSMUKN,377109,65536,1125966
news,AmnesiaSMUKN,377109,8192,1557070
news,CTW,377109,790062,1199985
news,HashCTW,377109,1024,1641261
news,HashCTW,377109,128,1820721
news,HashCTW,377109,131072,1229802
news,HashCTW,377109,16384,1329818
news,HashCTW,377109,2048,1556157
news,HashCTW,377109,256,1779086
news,HashCTW,377109,262144,1218481
news,HashCTW,377109,32768,1285470
news,HashCTW,377109,4096,1466073
news,HashCTW,377109,512,1703295
news,HashCTW,377109,65536,1252741
news,HashCTW,377109,8192,1392079
news,HashSM1PF,377109,1024,1864476
news,HashSM1PF,377109,128,1918754
news,HashSM1PF,377109,131072,1178837
news,HashSM1PF,377109,16384,1536164
news,HashSM1PF,377109,2048,1814940
news,HashSM1PF,377109,256,1908822
news,HashSM1PF,377109,262144,1076544
news,HashSM1PF,377109,32768,1415101
news,HashSM1PF,377109,4096,1743435
news,HashSM1PF,377109,512,1894010
news,HashSM1PF,377109,65536,1294733
news,HashSM1PF,377109,8192,1648035
news,HashSMUKN,377109,1024,1909859
news,HashSMUKN,377109,128,1931602
news,HashSMUKN,377109,131072,1222414
news,HashSMUKN,377109,16384,1643388
news,HashSMUKN,377109,2048,1885639
news,HashSMUKN,377109,256,1926774
news,HashSMUKN,377109,262144,1102604
news,HashSMUKN,377109,32768,1505258
news,HashSMUKN,377109,4096,1836854
news,HashSMUKN,377109,512,1920814
news,HashSMUKN,377109,65536,1360834
news,HashSMUKN,377109,8192,1756683
news,SM1PF,377109,790063,848620.2
news,SMUKN,377109,790063,846422
obj1,AmnesiaCTW,21504,1024,117777.9
obj1,AmnesiaCTW,21504,128,135943.1
obj1,AmnesiaCTW,21504,131072,93366.01
obj1,AmnesiaCTW,21504,16384,97984.04
obj1,AmnesiaCTW,21504,2048,110439.7
obj1,AmnesiaCTW,21504,256,130451.8
obj1,AmnesiaCTW,21504,262144,93366.01
obj1,AmnesiaCTW,21504,32768,94466.57
obj1,AmnesiaCTW,21504,4096,105594.7
obj1,AmnesiaCTW,21504,512,124492.3
obj1,AmnesiaCTW,21504,65536,93516.04
obj1,AmnesiaCTW,21504,8192,102011.8
obj1,AmnesiaSM1PF,21504,1024,119357.5
obj1,AmnesiaSM1PF,21504,128,177662
obj1,AmnesiaSM1PF,21504,131072,78221.57
obj1,AmnesiaSM1PF,21504,16384,83391.92
obj1,AmnesiaSM1PF,21504,2048,104180.9
obj1,AmnesiaSM1PF,21504,256,159464.6
obj1,AmnesiaSM1PF,21504,262144,78221.57
obj1,AmnesiaSM1PF,21504,32768,80888.49
obj1,AmnesiaSM1PF,21504,4096,95380.1
obj1,AmnesiaSM1PF,21504,512,139181.9
obj1,AmnesiaSM1PF,21504,65536,79009.03
obj1,AmnesiaSM1PF,21504,8192,88465.99
obj1,AmnesiaSMUKN,21504,1024,119099.2
obj1,AmnesiaSMUKN,21504,128,177572.5
obj1,AmnesiaSMUKN,21504,131072,78005.09
obj1,AmnesiaSMUKN,21504,16384,82805.86
obj1,AmnesiaSMUKN,21504,2048,103856.9
obj1,AmnesiaSMUKN,21504,256,159343.1
obj1,AmnesiaSMUKN,21504,262144,78005.09
obj1,AmnesiaSMUKN,21504,32768,80274.7
obj1,AmnesiaSMUKN,21504,4096,94972.24
obj1,AmnesiaSMUKN,21504,512,139040.6
obj1,AmnesiaSMUKN,21504,65536,78917.21
obj1,AmnesiaSMUKN,21504,8192,88001.39
obj1,CTW,21504,83110,94055.67
obj1,HashCTW,21504,1024,105029.6
obj1,HashCTW,21504,128,118580.2
obj1,HashCTW,21504,131072,94222.8
obj1,HashCTW,21504,16384,95003.09
obj1,HashCTW,21504,2048,100600.5
obj1,HashCTW,21504,256,113813.7
obj1,HashCTW,21504,262144,94187.25
obj1,HashCTW,21504,32768,94463.6
obj1,HashCTW,21504,4096,97623.22
obj1,HashCTW,21504,512,110177.9
obj1,HashCTW,21504,65536,94277.85
obj1,HashCTW,21504,8192,95796.71
obj1,HashSM1PF,21504,1024,114965.5
obj1,HashSM1PF,21504,128,124780.4
obj1,HashSM1PF,21504,131072,83263.99
obj1,HashSM1PF,21504,16384,96147.46
obj1,HashSM1PF,21504,2048,110531
obj1,HashSM1PF,21504,256,122217.4
obj1,HashSM1PF,21504,262144,81292.7
obj1,HashSM1PF,21504,32768,91111.81
obj1,HashSM1PF,21504,4096,105767.9
obj1,HashSM1PF,21504,512,119116.8
obj1,HashSM1PF,21504,65536,86771.12
obj1,HashSM1PF,21504,8192,101071
obj1,HashSMUKN,21504,1024,117611.2
obj1,HashSMUKN,21504,128,127470.1
obj1,HashSMUKN,21504,131072,83160.42
obj1,HashSMUKN,21504,16384,96597.77
obj1,HashSMUKN,21504,2048,112962.5
obj1,HashSMUKN,21504,256,125390.6
obj1,HashSMUKN,21504,262144,81001.94
obj1,HashSMUKN,21504,32768,91300.53
obj1,HashSMUKN,21504,4096,107649.3
obj1,HashSMUKN,21504,512,122337.9
obj1,HashSMUKN,21504,65536,86633.17
obj1,HashSMUKN,21504,8192,102256.2
obj1,SM1PF,21504,83111,78221.57
obj1,SMUKN,21504,83111,78005.09
obj2,AmnesiaCTW,246814,1024,1415159
obj2,AmnesiaCTW,246814,128,1810094
obj2,AmnesiaCTW,246814,131072,832136.9
obj2,AmnesiaCTW,246814,16384,949518.6
obj2,AmnesiaCTW,246814,2048,1275263
obj2,AmnesiaCTW,246814,256,1694443
obj2,AmnesiaCTW,246814,262144,822963.1
obj2,AmnesiaCTW,246814,32768,900537.6
obj2,AmnesiaCTW,246814,4096,1145291
obj2,AmnesiaCTW,246814,512,1552680
obj2,AmnesiaCTW,246814,65536,863116.1
obj2,AmnesiaCTW,246814,8192,1032115
obj2,AmnesiaSM1PF,246814,1024,1357601
obj2,AmnesiaSM1PF,246814,128,2375121
obj2,AmnesiaSM1PF,246814,131072,586921.2
obj2,AmnesiaSM1PF,246814,16384,701611.8
obj2,AmnesiaSM1PF,246814,2048,1127809
obj2,AmnesiaSM1PF,246814,256,2025190
obj2,AmnesiaSM1PF,246814,262144,580708.1
obj2,AmnesiaSM1PF,246814,32768,648900.8
obj2,AmnesiaSM1PF,246814,4096,932857.4
obj2,AmnesiaSM1PF,246814,512,1643144
obj2,AmnesiaSM1PF,246814,65536,616016.5
obj2,AmnesiaSM1PF,246814,8192,792300.8
obj2,AmnesiaSMUKN,246814,1024,1350699
obj2,AmnesiaSMUKN,246814,128,2374011
obj2,AmnesiaSMUKN,246814,131072,579426.3
obj2,AmnesiaSMUKN,246814,16384,690177.5
obj2,AmnesiaSMUKN,246814,2048,1118602
obj2,AmnesiaSMUKN,246814,256,2023479
obj2,AmnesiaSMUKN,246814,262144,574509.1
obj2,AmnesiaSMUKN,246814,32768,638129
obj2,AmnesiaSMUKN,246814,4096,922862.3
obj2,AmnesiaSMUKN,246814,512,1639404
obj2,AmnesiaSMUKN,246814,65536,605532
obj2,AmnesiaSMUKN,246814,8192,781278.6
obj2,CTW,246814,545680,812419.3
obj2,HashCTW,246814,1024,1219112
obj2,HashCTW,246814,128,1481095
obj2,HashCTW,246814,131072,839123
obj2,HashCTW,246814,16384,922516.6
obj2,HashCTW,246814,2048,1148106
obj2,HashCTW,246814,256,1429637
obj2,HashCTW,246814,262144,830792.8
obj2,HashCTW,246814,32768,881079.2
obj2,HashCTW,246814,4096,1032115
obj2,HashCTW,246814,512,1300062
obj2,HashCTW,246814,65536,855569.8
obj2,HashCTW,246814,8192,984650.9
obj2,HashSM1PF,246814,1024,1421553
obj2,HashSM1PF,246814,128,1479038
obj2,HashSM1PF,246814,131072,778152
obj2,HashSM1PF,246814,16384,1057516
obj2,HashSM1PF,246814,2048,1347097
obj2,HashSM1PF,246814,256,1498061
obj2,HashSM1PF,246814,262144,704556
obj2,HashSM1PF,246814,32768,957469.8
obj2,HashSM1PF,246814,4096,1254315
obj2,HashSM1PF,246814,512,1475657
obj2,HashSM1PF,246814,65536,863982.4
obj2,HashSM1PF,246814,8192,1158236
obj2,HashSMUKN,246814,1024,1480192
obj2,HashSMUKN,246814,128,1537573
obj2,HashSMUKN,246814,131072,787963.9
obj2,HashSMUKN,246814,16384,1114206
obj2,HashSMUKN,246814,2048,1423241
obj2,HashSMUKN,246814,256,1531410
obj2,HashSMUKN,246814,262144,707044.7
obj2,HashSMUKN,246814,32768,997159.7
obj2,HashSMUKN,246814,4096,1336417
obj2,HashSMUKN,246814,512,1513455
obj2,HashSMUKN,246814,65536,885809.3
obj2,HashSMUKN,246814,8192,1230988
obj2,SM1PF,246814,545681,562098.8
obj2,SMUKN,246814,545681,556856.6
paper1,AmnesiaCTW,53161,1024,297513
paper1,AmnesiaCTW,53161,128,380487.5
paper1,AmnesiaCTW,53161,131072,176325.5
paper1,AmnesiaCTW,53161,16384,228773.3
paper1,AmnesiaCTW,53161,2048,279378.2
paper1,AmnesiaCTW,53161,256,352382.9
paper1,AmnesiaCTW,53161,262144,172375.5
paper1,AmnesiaCTW,53161,32768,209401.1
paper1,AmnesiaCTW,53161,4096,265612.3
paper1,AmnesiaCTW,53161,512,323553.7
paper1,AmnesiaCTW,53161,65536,194971.3
paper1,AmnesiaCTW,53161,8192,245457.3
paper1,AmnesiaSM1PF,53161,1024,302631.3
paper1,AmnesiaSM1PF,53161,128,494827.7
paper1,AmnesiaSM1PF,53161,131072,121861.7
paper1,AmnesiaSM1PF,53161,16384,169073.9
paper1,AmnesiaSM1PF,53161,2048,255851.5
paper1,AmnesiaSM1PF,53161,256,426255
paper1,AmnesiaSM1PF,53161,262144,118455.5
paper1,AmnesiaSM1PF,53161,32768,146553.8
paper1,AmnesiaSM1PF,53161,4096,221198.3
paper1,AmnesiaSM1PF,53161,512,360638.5
paper1,AmnesiaSM1PF,53161,65536,135720.7
paper1,AmnesiaSM1PF,53161,8192,191045
paper1,AmnesiaSMUKN,53161,1024,302921.8
paper1,AmnesiaSMUKN,53161,128,494672.8
paper1,AmnesiaSMUKN,53161,131072,121308.6
paper1,AmnesiaSMUKN,53161,16384,168523.7
paper1,AmnesiaSMUKN,53161,2048,256229.1
paper1,AmnesiaSMUKN,53161,256,426190
paper1,AmnesiaSMUKN,53161,262144,117877.9
paper1,AmnesiaSMUKN,53161,32768,145866.5
paper1,AmnesiaSMUKN,53161,4096,221237.1
paper1,AmnesiaSMUKN,53161,512,360691.4
paper1,AmnesiaSMUKN,53161,65536,134981.1
paper1,AmnesiaSMUKN,53161,8192,190930.5
paper1,CTW,53161,133233,174251.8
paper1,HashCTW,53161,1024,208716.2
paper1,HashCTW,53161,128,236310.7
paper1,HashCTW,53161,131072,175854
paper1,HashCTW,53161,16384,180080.3
paper1,HashCTW,53161,2048,200122.4
paper1,HashCTW,53161,256,226925.9
paper1,HashCTW,53161,262144,175610.5
paper1,HashCTW,53161,32768,177825.2
paper1,HashCTW,53161,4096,191232.6
paper1,HashCTW,53161,512,218741.7
paper1,HashCTW,53161,65536,176481.1
paper1,HashCTW,53161,8192,184676.6
paper1,HashSM1PF,53161,1024,254513.7
paper1,HashSM1PF,53161,128,267631.8
paper1,HashSM1PF,53161,131072,136516.9
paper1,HashSM1PF,53161,16384,184901.1
paper1,HashSM1PF,53161,2048,242014.7
paper1,HashSM1PF,53161,256,266732.3
paper1,HashSM1PF,53161,262144,128850.4
paper1,HashSM1PF,53161,32768,165413.1
paper1,HashSM1PF,53161,4096,224663
paper1,HashSM1PF,53161,512,262408.2
paper1,HashSM1PF,53161,65536,149498.9
paper1,HashSM1PF,53161,8192,205085.3
paper1,HashSMUKN,53161,1024,266489
paper1,HashSMUKN,53161,128,272898.6
paper1,HashSMUKN,53161,131072,137898.8
paper1,HashSMUKN,53161,16384,192416.3
paper1,HashSMUKN,53161,2048,255405.5
paper1,HashSMUKN,53161,256,273728.6
paper1,HashSMUKN,53161,262144,129270.7
paper1,HashSMUKN,53161,32768,170328.4
paper1,HashSMUKN,53161,4096,237416
paper1,HashSMUKN,53161,512,272012.3
paper1,HashSMUKN,53161,65536,151859.8
paper1,HashSMUKN,53161,8192,215826
paper1,SM1PF,53161,133234,118455.5
paper1,SMUKN,53161,133234,117877.9
paper2,AmnesiaCTW,82199,1024,446363
paper2,AmnesiaCTW,82199,128,586225.7
paper2,AmnesiaCTW,82199,131072,267325.4
paper2,AmnesiaCTW,82199,16384,342612.8
paper2,AmnesiaCTW,82199,2048,416280.8
paper2,AmnesiaCTW,82199,256,538457.4
paper2,AmnesiaCTW,82199,262144,245672.5
paper2,AmnesiaCTW,82199,32768,318230
paper2,AmnesiaCTW,82199,4096,394976.5
paper2,AmnesiaCTW,82199,512,489303.2
paper2,AmnesiaCTW,82199,65536,289164.8
paper2,AmnesiaCTW,82199,8192,369651.4
paper2,AmnesiaSM1PF,82199,1024,459797.4
paper2,AmnesiaSM1PF,82199,128,761726.2
paper2,AmnesiaSM1PF,82199,131072,194815.5
paper2,AmnesiaSM1PF,82199,16384,262831.9
paper2,AmnesiaSM1PF,82199,2048,390453
paper2,AmnesiaSM1PF,82199,256,652511.1
paper2,AmnesiaSM1PF,82199,262144,180812
paper2,AmnesiaSM1PF,82199,32768,236442.4
paper2,AmnesiaSM1PF,82199,4096,336601
paper2,AmnesiaSM1PF,82199,512,548597.2
paper2,AmnesiaSM1PF,82199,65536,212602.7
paper2,AmnesiaSM1PF,82199,8192,296102.8
paper2,AmnesiaSMUKN,82199,1024,460542.7
paper2,AmnesiaSMUKN,82199,128,761564
paper2,AmnesiaSMUKN,82199,131072,194335.8
paper2,AmnesiaSMUKN,82199,16384,262563.9
paper2,AmnesiaSMUKN,82199,2048,391365.2
paper2,AmnesiaSMUKN,82199,256,652462.8
paper2,AmnesiaSMUKN,82199,262144,180531.2
paper2,AmnesiaSMUKN,82199,32768,236130.8
paper2,AmnesiaSMUKN,82199,4096,337171.5
paper2,AmnesiaSMUKN,82199,512,548884.5
paper2,AmnesiaSMUKN,82199,65536,212096.2
paper2,AmnesiaSMUKN,82199,8192,296247.9
paper2,CTW,82199,188714,247779.1
paper2,HashCTW,82199,1024,299253.6
paper2,HashCTW,82199,128,337052.6
paper2,HashCTW,82199,131072,250635.5
paper2,HashCTW,82199,16384,258030.2
paper2,HashCTW,82199,2048,286633.7
paper2,HashCTW,82199,256,325788.9
paper2,HashCTW,82199,262144,250205.6
paper2,HashCTW,82199,32768,254341.3
paper2,HashCTW,82199,4096,273854
paper2,HashCTW,82199,512,313269.9
paper2,HashCTW,82199,65536,252129.7
paper2,HashCTW,82199,8192,264588.8
paper2,HashSM1PF,82199,1024,371257.4
paper2,HashSM1PF,82199,128,382028.5
paper2,HashSM1PF,82199,131072,212446.6
paper2,HashSM1PF,82199,16384,283315.8
paper2,HashSM1PF,82199,2048,356777.5
paper2,HashSM1PF,82199,256,381254.6
paper2,HashSM1PF,82199,262144,198738.9
paper2,HashSM1PF,82199,32768,255562.4
paper2,HashSM1PF,82199,4096,336774.4
paper2,HashSM1PF,82199,512,378410
paper2,HashSM1PF,82199,65536,231543.2
paper2,HashSM1PF,82199,8192,311118
paper2,HashSMUKN,82199,1024,388006.8
paper2,HashSMUKN,82199,128,387584.8
paper2,HashSMUKN,82199,131072,216114.7
paper2,HashSMUKN,82199,16384,300045.9
paper2,HashSMUKN,82199,2048,378308.5
paper2,HashSMUKN,82199,256,389674.7
paper2,HashSMUKN,82199,262144,200935.2
paper2,HashSMUKN,82199,32768,267108.4
paper2,HashSMUKN,82199,4096,360617.1
paper2,HashSMUKN,82199,512,390541
paper2,HashSMUKN,82199,65536,238629.8
paper2,HashSMUKN,82199,8192,332271.9
paper2,SM1PF,82199,188715,180812
paper2,SMUKN,82199,188715,180531.2
paper3,AmnesiaCTW,46526,1024,255182.4
paper3,AmnesiaCTW,46526,128,332622.6
paper3,AmnesiaCTW,46526,131072,157322.4
paper3,AmnesiaCTW,46526,16384,199797.3
paper3,AmnesiaCTW,46526,2048,238982.2
paper3,AmnesiaCTW,46526,256,305374.9
paper3,AmnesiaCTW,46526,262144,157291.8
paper3,AmnesiaCTW,46526,32768,186736.5
paper3,AmnesiaCTW,46526,4096,227874.3
paper3,AmnesiaCTW,46526,512,278175
paper3,AmnesiaCTW,46526,65536,175300.4
paper3,AmnesiaCTW,46526,8192,214230.2
paper3,AmnesiaSM1PF,46526,1024,264921.6
paper3,AmnesiaSM1PF,46526,128,432764.5
paper3,AmnesiaSM1PF,46526,131072,114873.7
paper3,AmnesiaSM1PF,46526,16384,157328.7
paper3,AmnesiaSM1PF,46526,2048,226865.8
paper3,AmnesiaSM1PF,46526,256,370163.4
paper3,AmnesiaSM1PF,46526,262144,114815.8
paper3,AmnesiaSM1PF,46526,32768,141808.1
paper3,AmnesiaSM1PF,46526,4096,198096.3
paper3,AmnesiaSM1PF,46526,512,313005.9
paper3,AmnesiaSM1PF,46526,65536,129535.9
paper3,AmnesiaSM1PF,46526,8192,175633.9
paper3,AmnesiaSMUKN,46526,1024,265344.3
paper3,AmnesiaSMUKN,46526,128,432683.7
paper3,AmnesiaSMUKN,46526,131072,114515.2
paper3,AmnesiaSMUKN,46526,16384,157136.4
paper3,AmnesiaSMUKN,46526,2048,227412.7
paper3,AmnesiaSMUKN,46526,256,370126.5
paper3,AmnesiaSMUKN,46526,262144,114456.4
paper3,AmnesiaSMUKN,46526,32768,141430.4
paper3,AmnesiaSMUKN,46526,4096,198461.4
paper3,AmnesiaSMUKN,46526,512,313166.1
paper3,AmnesiaSMUKN,46526,65536,129119.9
paper3,AmnesiaSMUKN,46526,8192,175841.3
paper3,CTW,46526,131208,158393.4
paper3,HashCTW,46526,1024,175585.3
paper3,HashCTW,46526,128,194540.7
paper3,HashCTW,46526,131072,159063.6
paper3,HashCTW,46526,16384,161392.2
paper3,HashCTW,46526,2048,170533
paper3,HashCTW,46526,256,188042.2
paper3,HashCTW,46526,262144,159041.1
paper3,HashCTW,46526,32768,160301.6
paper3,HashCTW,46526,4096,166708.6
paper3,HashCTW,46526,512,181590.9
paper3,HashCTW,46526,65536,159817.4
paper3,HashCTW,46526,8192,163477.5
paper3,HashSM1PF,46526,1024,215072
paper3,HashSM1PF,46526,128,221743.7
paper3,HashSM1PF,46526,131072,128943.8
paper3,HashSM1PF,46526,16384,166020.2
paper3,HashSM1PF,46526,2048,206412.4
paper3,HashSM1PF,46526,256,221428.5
paper3,HashSM1PF,46526,262144,122856.3
paper3,HashSM1PF,46526,32768,151838
paper3,HashSM1PF,46526,4096,195116.4
paper3,HashSM1PF,46526,512,219536.6
paper3,HashSM1PF,46526,65536,139351.1
paper3,HashSM1PF,46526,8192,181010
paper3,HashSMUKN,46526,1024,224949.9
paper3,HashSMUKN,46526,128,226224.1
paper3,HashSMUKN,46526,131072,130279
paper3,HashSMUKN,46526,16384,172322.8
paper3,HashSMUKN,46526,2048,217631
paper3,HashSMUKN,46526,256,227766.2
paper3,HashSMUKN,46526,262144,123318.8
paper3,HashSMUKN,46526,32768,156045.3
paper3,HashSMUKN,46526,4096,206041.9
paper3,HashSMUKN,46526,512,227980.5
paper3,HashSMUKN,46526,65536,141533.5
paper3,HashSMUKN,46526,8192,190115.8
paper3,SM1PF,46526,131209,114815.8
paper3,SMUKN,46526,131209,114456.4
paper4,AmnesiaCTW,13286,1024,72657.91
paper4,AmnesiaCTW,13286,128,94765.99
paper4,AmnesiaCTW,13286,131072,50778.42
paper4,AmnesiaCTW,13286,16384,57149.39
paper4,AmnesiaCTW,13286,2048,68028.92
paper4,AmnesiaCTW,13286,256,86948.14
paper4,AmnesiaCTW,13286,262144,50778.42
paper4,AmnesiaCTW,13286,32768,53674.84
paper4,AmnesiaCTW,13286,4096,64691.55
paper4,AmnesiaCTW,13286,512,79474
paper4,AmnesiaCTW,13286,65536,50778.42
paper4,AmnesiaCTW,13286,8192,60756.36
paper4,AmnesiaSM1PF,13286,1024,74609.84
paper4,AmnesiaSM1PF,13286,128,123123.3
paper4,AmnesiaSM1PF,13286,131072,36903.01
paper4,AmnesiaSM1PF,13286,16384,43381.89
paper4,AmnesiaSM1PF,13286,2048,62786.05
paper4,AmnesiaSM1PF,13286,256,105374.2
paper4,AmnesiaSM1PF,13286,262144,36903.01
paper4,AmnesiaSM1PF,13286,32768,39784.34
paper4,AmnesiaSM1PF,13286,4096,53941.29
paper4,AmnesiaSM1PF,13286,512,89373.67
paper4,AmnesiaSM1PF,13286,65536,36903.01
paper4,AmnesiaSM1PF,13286,8192,48000.17
paper4,AmnesiaSMUKN,13286,1024,74743.31
paper4,AmnesiaSMUKN,13286,128,123096
paper4,AmnesiaSMUKN,13286,131072,36798.26
paper4,AmnesiaSMUKN,13286,16384,43302.44
paper4,AmnesiaSMUKN,13286,2048,62944.54
paper4,AmnesiaSMUKN,13286,256,105383.3
paper4,AmnesiaSMUKN,13286,262144,36798.26
paper4,AmnesiaSMUKN,13286,32768,39696.97
paper4,AmnesiaSMUKN,13286,4096,54066.68
paper4,AmnesiaSMUKN,13286,512,89402.39
paper4,AmnesiaSMUKN,13286,65536,36798.26
paper4,AmnesiaSMUKN,13286,8192,47992.79
paper4,CTW,13286,46094,51109.99
paper4,HashCTW,13286,1024,53222.9
paper4,HashCTW,13286,128,57512.06
paper4,HashCTW,13286,131072,51262.97
paper4,HashCTW,13286,16384,51324.13
paper4,HashCTW,13286,2048,52431.1
paper4,HashCTW,13286,256,57099.49
paper4,HashCTW,13286,262144,51254.47
paper4,HashCTW,13286,32768,51278.81
paper4,HashCTW,13286,4096,51998.11
paper4,HashCTW,13286,512,54902.24
paper4,HashCTW,13286,65536,51246.38
paper4,HashCTW,13286,8192,51593.16
paper4,HashSM1PF,13286,1024,61465.72
paper4,HashSM1PF,13286,128,65014.8
paper4,HashSM1PF,13286,131072,38730.14
paper4,HashSM1PF,13286,16384,46381.45
paper4,HashSM1PF,13286,2048,58218.89
paper4,HashSM1PF,13286,256,64953.72
paper4,HashSM1PF,13286,262144,38029.48
paper4,HashSM1PF,13286,32768,42876.27
paper4,HashSM1PF,13286,4096,54230.65
paper4,HashSM1PF,13286,512,63689.17
paper4,HashSM1PF,13286,65536,40430.96
paper4,HashSM1PF,13286,8192,50299.79
paper4,HashSMUKN,13286,1024,63974.1
paper4,HashSMUKN,13286,128,66793.03
paper4,HashSMUKN,13286,131072,38808.31
paper4,HashSMUKN,13286,16384,47017.81
paper4,HashSMUKN,13286,2048,60248.81
paper4,HashSMUKN,13286,256,67182.11
paper4,HashSMUKN,13286,262144,37958.21
paper4,HashSMUKN,13286,32768,43262.05
paper4,HashSMUKN,13286,4096,56028.38
paper4,HashSMUKN,13286,512,66177.57
paper4,HashSMUKN,13286,65536,40489.36
paper4,HashSMUKN,13286,8192,51478.93
paper4,SM1PF,13286,46095,36903.01
paper4,SMUKN,13286,46095,36798.26
paper5,AmnesiaCTW,11954,1024,66631.78
paper5,AmnesiaCTW,11954,128,85098.52
paper5,AmnesiaCTW,11954,131072,48723.88
paper5,AmnesiaCTW,11954,16384,53913.28
paper5,AmnesiaCTW,11954,2048,62106.03
paper5,AmnesiaCTW,11954,256,78728.67
paper5,AmnesiaCTW,11954,262144,48723.88
paper5,AmnesiaCTW,11954,32768,51318.2
paper5,AmnesiaCTW,11954,4096,59785.73
paper5,AmnesiaCTW,11954,512,72252.81
paper5,AmnesiaCTW,11954,65536,48723.88
paper5,AmnesiaCTW,11954,8192,56334.67
paper5,AmnesiaSM1PF,11954,1024,66319.61
paper5,AmnesiaSM1PF,11954,128,110435.6
paper5,AmnesiaSM1PF,11954,131072,34317.22
paper5,AmnesiaSM1PF,11954,16384,39766.6
paper5,AmnesiaSM1PF,11954,2048,56181.15
paper5,AmnesiaSM1PF,11954,256,94839.25
paper5,AmnesiaSM1PF,11954,262144,34317.22
paper5,AmnesiaSM1PF,11954,32768,36721.88
paper5,AmnesiaSM1PF,11954,4096,49212.91
paper5,AmnesiaSM1PF,11954,512,79571.81
paper5,AmnesiaSM1PF,11954,65536,34317.22
paper5,AmnesiaSM1PF,11954,8192,43391.3
paper5,AmnesiaSMUKN,11954,1024,66372.31
paper5,AmnesiaSMUKN,11954,128,110411
paper5,AmnesiaSMUKN,11954,131072,34116.13
paper5,AmnesiaSMUKN,11954,16384,39640.44
paper5,AmnesiaSMUKN,11954,2048,56226.88
paper5,AmnesiaSMUKN,11954,256,94828.55
paper5,AmnesiaSMUKN,11954,262144,34116.13
paper5,AmnesiaSMUKN,11954,32768,36565.42
paper5,AmnesiaSMUKN,11954,4096,49257.91
paper5,AmnesiaSMUKN,11954,512,79587.54
paper5,AmnesiaSMUKN,11954,65536,34116.13
paper5,AmnesiaSMUKN,11954,8192,43370.18
paper5,CTW,11954,42706,49176.33
paper5,HashCTW,11954,1024,51209.69
paper5,HashCTW,11954,128,55350.69
paper5,HashCTW,11954,131072,49204.46
paper5,HashCTW,11954,16384,49249.24
paper5,HashCTW,11954,2048,50352.6
paper5,HashCTW,11954,256,55020.74
paper5,HashCTW,11954,262144,49214.15
paper5,HashCTW,11954,32768,49194.91
paper5,HashCTW,11954,4096,49791.61
paper5,HashCTW,11954,512,52546.99
paper5,HashCTW,11954,65536,49211
paper5,HashCTW,11954,8192,49417.1
paper5,HashSM1PF,11954,1024,57776.9
paper5,HashSM1PF,11954,128,61605.7
paper5,HashSM1PF,11954,131072,36081.88
paper5,HashSM1PF,11954,16384,42971.15
paper5,HashSM1PF,11954,2048,54527.87
paper5,HashSM1PF,11954,256,61289.79
paper5,HashSM1PF,11954,262144,35329.39
paper5,HashSM1PF,11954,32768,39700.5
paper5,HashSM1PF,11954,4096,50725.13
paper5,HashSM1PF,11954,512,60071.64
paper5,HashSM1PF,11954,65536,37429.37
paper5,HashSM1PF,11954,8192,46770.25
paper5,HashSMUKN,11954,1024,60150.67
paper5,HashSMUKN,11954,128,63386.17
paper5,HashSMUKN,11954,131072,35929.51
paper5,HashSMUKN,11954,16384,43422.02
paper5,HashSMUKN,11954,2048,56481.01
paper5,HashSMUKN,11954,256,63315.09
paper5,HashSMUKN,11954,262144,35111.89
paper5,HashSMUKN,11954,32768,39894.33
paper5,HashSMUKN,11954,4096,52078.61
paper5,HashSMUKN,11954,512,62357.72
paper5,HashSMUKN,11954,65536,37462.36
paper5,HashSMUKN,11954,8192,47687.76
paper5,SM1PF,11954,42707,34317.22
paper5,SMUKN,11954,42707,34116.13
paper6,AmnesiaCTW,38105,1024,207828.5
paper6,AmnesiaCTW,38105,128,267167.5
paper6,AmnesiaCTW,38105,131072,129250.2
paper6,AmnesiaCTW,38105,16384,161439.9
paper6,AmnesiaCTW,38105,2048,194024.9
paper6,AmnesiaCTW,38105,256,246341
paper6,AmnesiaCTW,38105,262144,129250.2
paper6,AmnesiaCTW,38105,32768,152701.5
paper6,AmnesiaCTW,38105,4096,184135.8
paper6,AmnesiaCTW,38105,512,226206.8
paper6,AmnesiaCTW,38105,65536,141138.2
paper6,AmnesiaCTW,38105,8192,171167.1
paper6,AmnesiaSM1PF,38105,1024,208669.9
paper6,AmnesiaSM1PF,38105,128,343044.8
paper6,AmnesiaSM1PF,38105,131072,87785.02
paper6,AmnesiaSM1PF,38105,16384,117210.5
paper6,AmnesiaSM1PF,38105,2048,174990.1
paper6,AmnesiaSM1PF,38105,256,294210.9
paper6,AmnesiaSM1PF,38105,262144,87785.02
paper6,AmnesiaSM1PF,38105,32768,107565.7
paper6,AmnesiaSM1PF,38105,4096,150765.3
paper6,AmnesiaSM1PF,38105,512,249031.7
paper6,AmnesiaSM1PF,38105,65536,96076.71
paper6,AmnesiaSM1PF,38105,8192,129916.3
paper6,AmnesiaSMUKN,38105,1024,208872.9
paper6,AmnesiaSMUKN,38105,128,342942.1
paper6,AmnesiaSMUKN,38105,131072,87215.16
paper6,AmnesiaSMUKN,38105,16384,116804.5
paper6,AmnesiaSMUKN,38105,2048,175127
paper6,AmnesiaSMUKN,38105,256,294149.5
paper6,AmnesiaSMUKN,38105,262144,87215.16
paper6,AmnesiaSMUKN,38105,32768,106952.5
paper6,AmnesiaSMUKN,38105,4096,150744.2
paper6,AmnesiaSMUKN,38105,512,249028.1
paper6,AmnesiaSMUKN,38105,65536,95442.67
paper6,AmnesiaSMUKN,38105,8192,129609.8
paper6,CTW,38105,100856,130739.7
paper6,HashCTW,38105,1024,151521.4
paper6,HashCTW,38105,128,172730.1
paper6,HashCTW,38105,131072,131569.6
paper6,HashCTW,38105,16384,133802.1
paper6,HashCTW,38105,2048,144545.6
paper6,HashCTW,38105,256,166109
paper6,HashCTW,38105,262144,131474
paper6,HashCTW,38105,32768,132545.3
paper6,HashCTW,38105,4096,140325.8
paper6,HashCTW,38105,512,160205.5
paper6,HashCTW,38105,65536,131977.7
paper6,HashCTW,38105,8192,136705.6
paper6,HashSM1PF,38105,1024,183528.7
paper6,HashSM1PF,38105,128,193512.5
paper6,HashSM1PF,38105,131072,98726.21
paper6,HashSM1PF,38105,16384,131433.3
paper6,HashSM1PF,38105,2048,173547.9
paper6,HashSM1PF,38105,256,192648
paper6,HashSM1PF,38105,262144,93699.67
paper6,HashSM1PF,38105,32768,118093.2
paper6,HashSM1PF,38105,4096,160646.7
paper6,HashSM1PF,38105,512,189745
paper6,HashSM1PF,38105,65536,106890.7
paper6,HashSM1PF,38105,8192,145930
paper6,HashSMUKN,38105,1024,192356.6
paper6,HashSMUKN,38105,128,197903.7
paper6,HashSMUKN,38105,131072,99037.94
paper6,HashSMUKN,38105,16384,135859.2
paper6,HashSMUKN,38105,2048,182877.8
paper6,HashSMUKN,38105,256,198405.6
paper6,HashSMUKN,38105,262144,93659.05
paper6,HashSMUKN,38105,32768,120393.9
paper6,HashSMUKN,38105,4096,168959.7
paper6,HashSMUKN,38105,512,197149
paper6,HashSMUKN,38105,65536,108052.3
paper6,HashSMUKN,38105,8192,152439.8
paper6,SM1PF,38105,100857,87785.02
paper6,SMUKN,38105,100857,87215.16
pic,AmnesiaCTW,513216,1024,632564
pic,AmnesiaCTW,513216,128,813257.2
pic,AmnesiaCTW,513216,131072,561946.2
pic,AmnesiaCTW,513216,16384,566450.3
pic,AmnesiaCTW,513216,2048,598771.4
pic,AmnesiaCTW,513216,256,731848.1
pic,AmnesiaCTW,513216,262144,561761
pic,AmnesiaCTW,513216,32768,560797.2
pic,AmnesiaCTW,513216,4096,578843.6
pic,AmnesiaCTW,513216,512,679887.3
pic,AmnesiaCTW,513216,65536,557354.8
pic,AmnesiaCTW,513216,8192,567586
pic,AmnesiaSM1PF,513216,1024,537987.9
pic,AmnesiaSM1PF,513216,128,760980.6
pic,AmnesiaSM1PF,513216,131072,502949.5
pic,AmnesiaSM1PF,513216,16384,460786.9
pic,AmnesiaSM1PF,513216,2048,478655.3
pic,AmnesiaSM1PF,513216,256,695432.8
pic,AmnesiaSM1PF,513216,262144,513938.3
pic,AmnesiaSM1PF,513216,32768,469560.4
pic,AmnesiaSM1PF,513216,4096,452444.4
pic,AmnesiaSM1PF,513216,512,619744
pic,AmnesiaSM1PF,513216,65536,481135.9
pic,AmnesiaSM1PF,513216,8192,451167.4
pic,AmnesiaSMUKN,513216,1024,535668.8
pic,AmnesiaSMUKN,513216,128,761446.4
pic,AmnesiaSMUKN,513216,131072,436822.2
pic,AmnesiaSMUKN,513216,16384,411321.7
pic,AmnesiaSMUKN,513216,2048,469736.9
pic,AmnesiaSMUKN,513216,256,696649.4
pic,AmnesiaSMUKN,513216,262144,446424.9
pic,AmnesiaSMUKN,513216,32768,412777.9
pic,AmnesiaSMUKN,513216,4096,433746.7
pic,AmnesiaSMUKN,513216,512,620759.1
pic,AmnesiaSMUKN,513216,65536,417569.5
pic,AmnesiaSMUKN,513216,8192,417344.8
pic,CTW,513216,298759,566398.2
pic,HashCTW,513216,1024,612335.2
pic,HashCTW,513216,128,691864.9
pic,HashCTW,513216,131072,566028.6
pic,HashCTW,513216,16384,569202.1
pic,HashCTW,513216,2048,596600
pic,HashCTW,513216,256,667079
pic,HashCTW,513216,262144,566246.2
pic,HashCTW,513216,32768,566251.9
pic,HashCTW,513216,4096,587894.6
pic,HashCTW,513216,512,641671.7
pic,HashCTW,513216,65536,566311
pic,HashCTW,513216,8192,580349.9
pic,HashSM1PF,513216,1024,621599.9
pic,HashSM1PF,513216,128,644361.3
pic,HashSM1PF,513216,131072,551640.6
pic,HashSM1PF,513216,16384,585261.8
pic,HashSM1PF,513216,2048,612674.7
pic,HashSM1PF,513216,256,637220.9
pic,HashSM1PF,513216,262144,541867.3
pic,HashSM1PF,513216,32768,574096.8
pic,HashSM1PF,513216,4096,603831.6
pic,HashSM1PF,513216,512,631933.4
pic,HashSM1PF,513216,65536,563520.8
pic,HashSM1PF,513216,8192,595724.2
pic,HashSMUKN,513216,1024,570673.8
pic,HashSMUKN,513216,128,548213.2
pic,HashSMUKN,513216,131072,491525.6
pic,HashSMUKN,513216,16384,542293.2
pic,HashSMUKN,513216,2048,585154.2
pic,HashSMUKN,513216,256,548652.9
pic,HashSMUKN,513216,262144,479422.6
pic,HashSMUKN,513216,32768,521818.6
pic,HashSMUKN,513216,4096,576681.6
pic,HashSMUKN,513216,512,572219.7
pic,HashSMUKN,513216,65536,507024.6
pic,HashSMUKN,513216,8192,564056.2
pic,SM1PF,513216,298760,523562.5
pic,SMUKN,513216,298760,457851.8
progc,AmnesiaCTW,39611,1024,224691
progc,AmnesiaCTW,39611,128,283876.1
progc,AmnesiaCTW,39611,131072,132223
progc,AmnesiaCTW,39611,16384,168200.7
progc,AmnesiaCTW,39611,2048,209983.2
progc,AmnesiaCTW,39611,256,266286.9
progc,AmnesiaCTW,39611,262144,132223
progc,AmnesiaCTW,39611,32768,155290
progc,AmnesiaCTW,39611,4096,195616.7
progc,AmnesiaCTW,39611,512,244533.6
progc,AmnesiaCTW,39611,65536,141998
progc,AmnesiaCTW,39611,8192,180866.8
progc,AmnesiaSM1PF,39611,1024,216293.6
progc,AmnesiaSM1PF,39611,128,370872.1
progc,AmnesiaSM1PF,39611,131072,89240.56
progc,AmnesiaSM1PF,39611,16384,117919.2
progc,AmnesiaSM1PF,39611,2048,179987.1
progc,AmnesiaSM1PF,39611,256,323234.8
progc,AmnesiaSM1PF,39611,262144,89240.56
progc,AmnesiaSM1PF,39611,32768,106673.6
progc,AmnesiaSM1PF,39611,4096,152921.3
progc,AmnesiaSM1PF,39611,512,265162.6
progc,AmnesiaSM1PF,39611,65536,95190.89
progc,AmnesiaSM1PF,39611,8192,133369.1
progc,AmnesiaSMUKN,39611,1024,216041.1
progc,AmnesiaSMUKN,39611,128,370717.8
progc,AmnesiaSMUKN,39611,131072,88824.05
progc,AmnesiaSMUKN,39611,16384,117332.7
progc,AmnesiaSMUKN,39611,2048,179711.5
progc,AmnesiaSMUKN,39611,256,323088.3
progc,AmnesiaSMUKN,39611,262144,88824.05
progc,AmnesiaSMUKN,39611,32768,106074
progc,AmnesiaSMUKN,39611,4096,152469.2
progc,AmnesiaSMUKN,39611,512,265017.4
progc,AmnesiaSMUKN,39611,65536,94544.05
progc,AmnesiaSMUKN,39611,8192,132882.1
progc,CTW,39611,103208,134068.7
progc,HashCTW,39611,1024,159636.4
progc,HashCTW,39611,128,184900.6
progc,HashCTW,39611,131072,134847.5
progc,HashCTW,39611,16384,137034.7
progc,HashCTW,39611,2048,151360.6
progc,HashCTW,39611,256,179014.3
progc,HashCTW,39611,262144,134727.9
progc,HashCTW,39611,32768,135829.4
progc,HashCTW,39611,4096,144920.6
progc,HashCTW,39611,512,170393
progc,HashCTW,39611,65536,135177.4
progc,HashCTW,39611,8192,139809.3
progc,HashSM1PF,39611,1024,191205.6
progc,HashSM1PF,39611,128,206696.1
progc,HashSM1PF,39611,131072,100844.3
progc,HashSM1PF,39611,16384,134188.7
progc,HashSM1PF,39611,2048,179618.5
progc,HashSM1PF,39611,256,204526.1
progc,HashSM1PF,39611,262144,95853.13
progc,HashSM1PF,39611,32768,120287.6
progc,HashSM1PF,39611,4096,165115.9
progc,HashSM1PF,39611,512,199911.4
progc,HashSM1PF,39611,65536,109060.3
progc,HashSM1PF,39611,8192,149496.4
progc,HashSMUKN,39611,1024,200005.7
progc,HashSMUKN,39611,128,210811.5
progc,HashSMUKN,39611,131072,101594.5
progc,HashSMUKN,39611,16384,138622
progc,HashSMUKN,39611,2048,189060.4
progc,HashSMUKN,39611,256,209917.2
progc,HashSMUKN,39611,262144,96083.81
progc,HashSMUKN,39611,32768,123217.5
progc,HashSMUKN,39611,4096,173833.2
progc,HashSMUKN,39611,512,206810.9
progc,HashSMUKN,39611,65536,110465.3
progc,HashSMUKN,39611,8192,156474.9
progc,SM1PF,39611,103209,89240.56
progc,SMUKN,39611,103209,88824.05
progl,AmnesiaCTW,71646,1024,362875.4
progl,AmnesiaCTW,71646,128,481312.1
progl,AmnesiaCTW,71646,131072,183111.2
progl,AmnesiaCTW,71646,16384,232439.5
progl,AmnesiaCTW,71646,2048,330240.7
progl,AmnesiaCTW,71646,256,444691.8
progl,AmnesiaCTW,71646,262144,183111.2
progl,AmnesiaCTW,71646,32768,212277
progl,AmnesiaCTW,71646,4096,296347.3
progl,AmnesiaCTW,71646,512,401778.8
progl,AmnesiaCTW,71646,65536,193877.5
progl,AmnesiaCTW,71646,8192,261285.6
progl,AmnesiaSM1PF,71646,1024,315782.2
progl,AmnesiaSM1PF,71646,128,611143.4
progl,AmnesiaSM1PF,71646,131072,109076.7
progl,AmnesiaSM1PF,71646,16384,138568
progl,AmnesiaSM1PF,71646,2048,250880.6
progl,AmnesiaSM1PF,71646,256,515470
progl,AmnesiaSM1PF,71646,262144,109076.7
progl,AmnesiaSM1PF,71646,32768,122538.7
progl,AmnesiaSM1PF,71646,4096,201857.5
progl,AmnesiaSM1PF,71646,512,407767.3
progl,AmnesiaSM1PF,71646,65536,112928.8
progl,AmnesiaSM1PF,71646,8192,162967.1
progl,AmnesiaSMUKN,71646,1024,315059.3
progl,AmnesiaSMUKN,71646,128,610640.6
progl,AmnesiaSMUKN,71646,131072,108026.5
progl,AmnesiaSMUKN,71646,16384,137317.5
progl,AmnesiaSMUKN,71646,2048,249870.3
progl,AmnesiaSMUKN,71646,256,515092.7
progl,AmnesiaSMUKN,71646,262144,108026.5
progl,AmnesiaSMUKN,71646,32768,121290.3
progl,AmnesiaSMUKN,71646,4096,200768.4
progl,AmnesiaSMUKN,71646,512,407252.4
progl,AmnesiaSMUKN,71646,65536,111748.7
progl,AmnesiaSMUKN,71646,8192,161832.6
progl,CTW,71646,106954,185714.3
progl,HashCTW,71646,1024,243254
progl,HashCTW,71646,128,291741.6
progl,HashCTW,71646,131072,188029.9
progl,HashCTW,71646,16384,194553.1
progl,HashCTW,71646,2048,228601.3
progl,HashCTW,71646,256,277073.9
progl,HashCTW,71646,262144,187821.1
progl,HashCTW,71646,32768,190691.1
progl,HashCTW,71646,4096,212263.3
progl,HashCTW,71646,512,264959.7
progl,HashCTW,71646,65536,189043.4
progl,HashCTW,71646,8192,201685.8
progl,HashSM1PF,71646,1024,289868
progl,HashSM1PF,71646,128,323857.7
progl,HashSM1PF,71646,131072,127544
progl,HashSM1PF,71646,16384,186096.5
progl,HashSM1PF,71646,2048,268266.2
progl,HashSM1PF,71646,256,316074.5
progl,HashSM1PF,71646,262144,119480.3
progl,HashSM1PF,71646,32768,160946.2
progl,HashSM1PF,71646,4096,242086.1
progl,HashSM1PF,71646,512,305402.6
progl,HashSM1PF,71646,65536,141358.2
progl,HashSM1PF,71646,8192,213914.5
progl,HashSMUKN,71646,1024,300597.9
progl,HashSMUKN,71646,128,326595
progl,HashSMUKN,71646,131072,128309.5
progl,HashSMUKN,71646,16384,193545.3
progl,HashSMUKN,71646,2048,281121.1
progl,HashSMUKN,71646,256,321496.3
progl,HashSMUKN,71646,262144,119410.5
progl,HashSMUKN,71646,32768,165373.9
progl,HashSMUKN,71646,4096,255762.1
progl,HashSMUKN,71646,512,313212.8
progl,HashSMUKN,71646,65536,143579.7
progl,HashSMUKN,71646,8192,224998.4
progl,SM1PF,71646,106955,109076.7
progl,SMUKN,71646,106955,108026.5
progp,AmnesiaCTW,49379,1024,256778
progp,AmnesiaCTW,49379,128,334060.4
progp,AmnesiaCTW,49379,131072,124859.5
progp,AmnesiaCTW,49379,16384,160724.2
progp,AmnesiaCTW,49379,2048,233108.9
progp,AmnesiaCTW,49379,256,311567.4
progp,AmnesiaCTW,49379,262144,124859.5
progp,AmnesiaCTW,49379,32768,141729.1
progp,AmnesiaCTW,49379,4096,200409.8
progp,AmnesiaCTW,49379,512,283755.6
progp,AmnesiaCTW,49379,65536,131423.6
progp,AmnesiaCTW,49379,8192,184573.5
progp,AmnesiaSM1PF,49379,1024,228058.9
progp,AmnesiaSM1PF,49379,128,424438.9
progp,AmnesiaSM1PF,49379,131072,78385.25
progp,AmnesiaSM1PF,49379,16384,98644.87
progp,AmnesiaSM1PF,49379,2048,182809.5
progp,AmnesiaSM1PF,49379,256,364515.6
progp,AmnesiaSM1PF,49379,262144,78385.25
progp,AmnesiaSM1PF,49379,32768,86188.94
progp,AmnesiaSM1PF,49379,4096,137980.4
progp,AmnesiaSM1PF,49379,512,291023.8
progp,AmnesiaSM1PF,49379,65536,81709.12
progp,AmnesiaSM1PF,49379,8192,122266.2
progp,AmnesiaSMUKN,49379,1024,227447.7
progp,AmnesiaSMUKN,49379,128,424192.7
progp,AmnesiaSMUKN,49379,131072,77046.11
progp,AmnesiaSMUKN,49379,16384,97623.96
progp,AmnesiaSMUKN,49379,2048,182044.3
progp,AmnesiaSMUKN,49379,256,364256.1
progp,AmnesiaSMUKN,49379,262144,77046.11
progp,AmnesiaSMUKN,49379,32768,84986.25
progp,AmnesiaSMUKN,49379,4096,137172.5
progp,AmnesiaSMUKN,49379,512,290753.2
progp,AmnesiaSMUKN,49379,65536,80416.23
progp,AmnesiaSMUKN,49379,8192,121302.1
progp,CTW,49379,78928,126515.6
progp,HashCTW,49379,1024,166134.3
progp,HashCTW,49379,128,205579.2
progp,HashCTW,49379,131072,127395.2
progp,HashCTW,49379,16384,131789.8
progp,HashCTW,49379,2048,151863.4
progp,HashCTW,49379,256,193507.8
progp,HashCTW,49379,262144,127143.1
progp,HashCTW,49379,32768,128916.5
progp,HashCTW,49379,4096,142311.6
progp,HashCTW,49379,512,179777.8
progp,HashCTW,49379,65536,127973.9
progp,HashCTW,49379,8192,135865.9
progp,HashSM1PF,49379,1024,204645.5
progp,HashSM1PF,49379,128,233479.8
progp,HashSM1PF,49379,131072,88719.35
progp,HashSM1PF,49379,16384,126438.5
progp,HashSM1PF,49379,2048,186953.1
progp,HashSM1PF,49379,256,227943.1
progp,HashSM1PF,49379,262144,83992.6
progp,HashSM1PF,49379,32768,109653.1
progp,HashSM1PF,49379,4096,166968.9
progp,HashSM1PF,49379,512,218382.1
progp,HashSM1PF,49379,65536,97131.1
progp,HashSM1PF,49379,8192,146095.7
progp,HashSMUKN,49379,1024,214679.3
progp,HashSMUKN,49379,128,236931.3
progp,HashSMUKN,49379,131072,88741.9
progp,HashSMUKN,49379,16384,131085.8
progp,HashSMUKN,49379,2048,198354.1
progp,HashSMUKN,49379,256,232536.1
progp,HashSMUKN,49379,262144,83430.47
progp,HashSMUKN,49379,32768,111986.6
progp,HashSMUKN,49379,4096,177504
progp,HashSMUKN,49379,512,225367
progp,HashSMUKN,49379,65536,97962.31
progp,HashSMUKN,49379,8192,153698.6
progp,SM1PF,49379,78929,78385.25
progp,SMUKN,49379,78929,77046.11
trans,AmnesiaCTW,93695,1024,522252.1
trans,AmnesiaCTW,93695,128,657606.5
trans,AmnesiaCTW,93695,131072,234665.1
trans,AmnesiaCTW,93695,16384,353435.9
trans,AmnesiaCTW,93695,2048,482069.9
trans,AmnesiaCTW,93695,256,615538.7
trans,AmnesiaCTW,93695,262144,234665.1
trans,AmnesiaCTW,93695,32768,300557.1
trans,AmnesiaCTW,93695,4096,442516.4
trans,AmnesiaCTW,93695,512,569451.2
trans,AmnesiaCTW,93695,65536,276212
trans,AmnesiaCTW,93695,8192,392723.6
trans,AmnesiaSM1PF,93695,1024,491363.3
trans,AmnesiaSM1PF,93695,128,845635.2
trans,AmnesiaSM1PF,93695,131072,125041.8
trans,AmnesiaSM1PF,93695,16384,227378.6
trans,AmnesiaSM1PF,93695,2048,407378.1
trans,AmnesiaSM1PF,93695,256,719063.7
trans,AmnesiaSM1PF,93695,262144,125041.8
trans,AmnesiaSM1PF,93695,32768,173334
trans,AmnesiaSM1PF,93695,4096,343970.7
trans,AmnesiaSM1PF,93695,512,598213.8
trans,AmnesiaSM1PF,93695,65536,155654.6
trans,AmnesiaSM1PF,93695,8192,275762.6
trans,AmnesiaSMUKN,93695,1024,489877.2
trans,AmnesiaSMUKN,93695,128,844844.6
trans,AmnesiaSMUKN,93695,131072,123529.4
trans,AmnesiaSMUKN,93695,16384,225482.6
trans,AmnesiaSMUKN,93695,2048,405554.6
trans,AmnesiaSMUKN,93695,256,718333.7
trans,AmnesiaSMUKN,93695,262144,123529.4
trans,AmnesiaSMUKN,93695,32768,171411.7
trans,AmnesiaSMUKN,93695,4096,342449.1
trans,AmnesiaSMUKN,93695,512,596981
trans,AmnesiaSMUKN,93695,65536,153861.9
trans,AmnesiaSMUKN,93695,8192,274033.7
trans,CTW,93695,115974,238605
trans,HashCTW,93695,1024,351501.2
trans,HashCTW,93695,128,459317.2
trans,HashCTW,93695,131072,241849.8
trans,HashCTW,93695,16384,259513
trans,HashCTW,93695,2048,320945.9
trans,HashCTW,93695,256,425245
trans,HashCTW,93695,262144,240796.4
trans,HashCTW,93695,32768,249756.2
trans,HashCTW,93695,4096,297021.6
trans,HashCTW,93695,512,382364.7
trans,HashCTW,93695,65536,244114.7
trans,HashCTW,93695,8192,276312.7
trans,HashSM1PF,93695,1024,420450.2
trans,HashSM1PF,93695,128,491944.8
trans,HashSM1PF,93695,131072,154162.2
trans,HashSM1PF,93695,16384,247764.7
trans,HashSM1PF,93695,2048,381686.1
trans,HashSM1PF,93695,256,475921.1
trans,HashSM1PF,93695,262144,140794.5
trans,HashSM1PF,93695,32768,208155.7
trans,HashSM1PF,93695,4096,337491
trans,HashSM1PF,93695,512,452454.2
trans,HashSM1PF,93695,65536,176400.2
trans,HashSM1PF,93695,8192,292842.1
trans,HashSMUKN,93695,1024,432206.8
trans,HashSMUKN,93695,128,492219.9
trans,HashSMUKN,93695,131072,155170.8
trans,HashSMUKN,93695,16384,255679.9
trans,HashSMUKN,93695,2048,396262.4
trans,HashSMUKN,93695,256,478750
trans,HashSMUKN,93695,262144,140812
trans,HashSMUKN,93695,32768,212973.7
trans,HashSMUKN,93695,4096,352131.7
trans,HashSMUKN,93695,512,459686.9
trans,HashSMUKN,93695,65536,178955.5
trans,HashSMUKN,93695,8192,303678.2
trans,SM1PF,93695,115975,125041.8
trans,SMUKN,93695,115975,123529.4