File,Meth,Depth,Entropy
book2,Hash128,1,2299099
book2,Hash128,2,2413168
book2,Hash128,3,2549084
book2,Hash128,4,2586701
book2,Hash128,5,2606135
book2,Hash128,6,2651552
book2,Hash128,7,2673193
book2,Hash128,8,2694058
book2,Hash128,9,2696924
book2,Hash256,1,2299099
book2,Hash256,2,2260317
book2,Hash256,3,2402290
book2,Hash256,4,2479623
book2,Hash256,5,2537697
book2,Hash256,6,2565259
book2,Hash256,7,2594139
book2,Hash256,8,2605725
book2,Hash256,9,2653149
book2,Hash512,1,2299099
book2,Hash512,2,2104371
book2,Hash512,3,2259211
book2,Hash512,4,2338006
book2,Hash512,5,2415064
book2,Hash512,6,2427330
book2,Hash512,7,2477621
book2,Hash512,8,2518127
book2,Hash512,9,2539353
book2,Hash1024,1,2298987
book2,Hash1024,2,2009351
book2,Hash1024,3,2097073
book2,Hash1024,4,2192292
book2,Hash1024,5,2267902
book2,Hash1024,6,2320721
book2,Hash1024,7,2362944
book2,Hash1024,8,2393645
book2,Hash1024,9,2431708
book2,Hash2048,1,2298987
book2,Hash2048,2,1950865
book2,Hash2048,3,1945529
book2,Hash2048,4,2036534
book2,Hash2048,5,2127688
book2,Hash2048,6,2191664
book2,Hash2048,7,2221820
book2,Hash2048,8,2261095
book2,Hash2048,9,2300818
book2,Hash4096,1,2298987
book2,Hash4096,2,1922301
book2,Hash4096,3,1822903
book2,Hash4096,4,1888675
book2,Hash4096,5,1972540
book2,Hash4096,6,2037319
book2,Hash4096,7,2077755
book2,Hash4096,8,2124518
book2,Hash4096,9,2151310
book2,Hash8192,1,2298987
book2,Hash8192,2,1903383
book2,Hash8192,3,1730523
book2,Hash8192,4,1767110
book2,Hash8192,5,1827779
book2,Hash8192,6,1878704
book2,Hash8192,7,1922630
book2,Hash8192,8,1962707
book2,Hash8192,9,1993218
book2,Hash16384,1,2298987
book2,Hash16384,2,1870067
book2,Hash16384,3,1687502
book2,Hash16384,4,1681516
book2,Hash16384,5,1720274
book2,Hash16384,6,1760970
book2,Hash16384,7,1794800
book2,Hash16384,8,1826716
book2,Hash16384,9,1852293
book2,Hash32768,1,2298987
book2,Hash32768,2,1870067
book2,Hash32768,3,1653294
book2,Hash32768,4,1627147
book2,Hash32768,5,1645423
book2,Hash32768,6,1670425
book2,Hash32768,7,1694091
book2,Hash32768,8,1717517
book2,Hash32768,9,1740068
book2,Hash65536,1,2298987
book2,Hash65536,2,1870067
book2,Hash65536,3,1639498
book2,Hash65536,4,1599311
book2,Hash65536,5,1604448
book2,Hash65536,6,1619144
book2,Hash65536,7,1633578
book2,Hash65536,8,1647651
book2,Hash65536,9,1663143
book2,Hash131072,1,2298987
book2,Hash131072,2,1870067
book2,Hash131072,3,1625991
book2,Hash131072,4,1580841
book2,Hash131072,5,1579694
book2,Hash131072,6,1587038
book2,Hash131072,7,1595328
book2,Hash131072,8,1603808
book2,Hash131072,9,1612235
book2,Hash262144,1,2298987
book2,Hash262144,2,1870067
book2,Hash262144,3,1622851
book2,Hash262144,4,1572880
book2,Hash262144,5,1568395
book2,Hash262144,6,1572434
book2,Hash262144,7,1575470
book2,Hash262144,8,1579294
book2,Hash262144,9,1584416
book2,Hash524288,1,2298987
book2,Hash524288,2,1870067
book2,Hash524288,3,1621772
book2,Hash524288,4,1569723
book2,Hash524288,5,1564725
book2,Hash524288,6,1565542
book2,Hash524288,7,1567301
book2,Hash524288,8,1569208
book2,Hash524288,9,1571445
geo,Hash128,1,494737
geo,Hash128,2,522298.1
geo,Hash128,3,554042.9
geo,Hash128,4,572462
geo,Hash128,5,575847.2
geo,Hash128,6,581924.5
geo,Hash128,7,583808
geo,Hash128,8,588323.2
geo,Hash128,9,591598
geo,Hash256,1,496782.5
geo,Hash256,2,525212.8
geo,Hash256,3,559115.1
geo,Hash256,4,573762.2
geo,Hash256,5,580156.7
geo,Hash256,6,582458.2
geo,Hash256,7,582160
geo,Hash256,8,586834.6
geo,Hash256,9,592065.2
geo,Hash512,1,496782.5
geo,Hash512,2,509692.7
geo,Hash512,3,545056.3
geo,Hash512,4,560575.2
geo,Hash512,5,568161.6
geo,Hash512,6,574880.2
geo,Hash512,7,579489.7
geo,Hash512,8,579905.6
geo,Hash512,9,582389.9
geo,Hash1024,1,496764.5
geo,Hash1024,2,502768.9
geo,Hash1024,3,550250.2
geo,Hash1024,4,565112.4
geo,Hash1024,5,566208.3
geo,Hash1024,6,562003.4
geo,Hash1024,7,571558
geo,Hash1024,8,570717.1
geo,Hash1024,9,580371.5
geo,Hash2048,1,496764.5
geo,Hash2048,2,498283.8
geo,Hash2048,3,532416.2
geo,Hash2048,4,545427.3
geo,Hash2048,5,555236.4
geo,Hash2048,6,559387.6
geo,Hash2048,7,563446.8
geo,Hash2048,8,568984
geo,Hash2048,9,570961.3
geo,Hash4096,1,496764.5
geo,Hash4096,2,497601.5
geo,Hash4096,3,525101.1
geo,Hash4096,4,531484.9
geo,Hash4096,5,540033
geo,Hash4096,6,545239.5
geo,Hash4096,7,549969.7
geo,Hash4096,8,554591
geo,Hash4096,9,559374.1
geo,Hash8192,1,496764.5
geo,Hash8192,2,498657.4
geo,Hash8192,3,522900.7
geo,Hash8192,4,522026.6
geo,Hash8192,5,527928.6
geo,Hash8192,6,532502
geo,Hash8192,7,536719.1
geo,Hash8192,8,540681.6
geo,Hash8192,9,544078
geo,Hash16384,1,496764.5
geo,Hash16384,2,498923.2
geo,Hash16384,3,522248.9
geo,Hash16384,4,514551
geo,Hash16384,5,517886.8
geo,Hash16384,6,520976.5
geo,Hash16384,7,523562.3
geo,Hash16384,8,526621.5
geo,Hash16384,9,529366.3
geo,Hash32768,1,496764.5
geo,Hash32768,2,499219.4
geo,Hash32768,3,521422.9
geo,Hash32768,4,509960.6
geo,Hash32768,5,511989.7
geo,Hash32768,6,513575.2
geo,Hash32768,7,515021.6
geo,Hash32768,8,516560.2
geo,Hash32768,9,518241
geo,Hash65536,1,496764.5
geo,Hash65536,2,499219.4
geo,Hash65536,3,520707.7
geo,Hash65536,4,508352.4
geo,Hash65536,5,509122.2
geo,Hash65536,6,509733.2
geo,Hash65536,7,510389.7
geo,Hash65536,8,511269.9
geo,Hash65536,9,512135.3
geo,Hash131072,1,496764.5
geo,Hash131072,2,499219.4
geo,Hash131072,3,521799.5
geo,Hash131072,4,507968.8
geo,Hash131072,5,508094
geo,Hash131072,6,507977.5
geo,Hash131072,7,507998.5
geo,Hash131072,8,508628.8
geo,Hash131072,9,509044.7
geo,Hash262144,1,496764.5
geo,Hash262144,2,499219.4
geo,Hash262144,3,521841
geo,Hash262144,4,508009
geo,Hash262144,5,506755.9
geo,Hash262144,6,506748.5
geo,Hash262144,7,507031.7
geo,Hash262144,8,506857.2
geo,Hash262144,9,507149.9
geo,Hash524288,1,496764.5
geo,Hash524288,2,499444.4
geo,Hash524288,3,522032.4
geo,Hash524288,4,506953.9
geo,Hash524288,5,507393.2
geo,Hash524288,6,506552.2
geo,Hash524288,7,507314.8
geo,Hash524288,8,506692.7
geo,Hash524288,9,507393
news,Hash128,1,1570049
news,Hash128,2,1638784
news,Hash128,3,1704070
news,Hash128,4,1752846
news,Hash128,5,1754359
news,Hash128,6,1791021
news,Hash128,7,1832059
news,Hash128,8,1820721
news,Hash128,9,1855545
news,Hash256,1,1570049
news,Hash256,2,1566149
news,Hash256,3,1643483
news,Hash256,4,1684599
news,Hash256,5,1713328
news,Hash256,6,1737853
news,Hash256,7,1774359
news,Hash256,8,1779086
news,Hash256,9,1812267
news,Hash512,1,1570049
news,Hash512,2,1493986
news,Hash512,3,1561403
news,Hash512,4,1609889
news,Hash512,5,1648855
news,Hash512,6,1671259
news,Hash512,7,1688689
news,Hash512,8,1703295
news,Hash512,9,1724332
news,Hash1024,1,1568498
news,Hash1024,2,1427767
news,Hash1024,3,1479629
news,Hash1024,4,1524656
news,Hash1024,5,1560948
news,Hash1024,6,1592761
news,Hash1024,7,1617216
news,Hash1024,8,1641261
news,Hash1024,9,1662677
news,Hash2048,1,1568498
news,Hash2048,2,1381104
news,Hash2048,3,1399904
news,Hash2048,4,1444370
news,Hash2048,5,1476782
news,Hash2048,6,1513261
news,Hash2048,7,1535655
news,Hash2048,8,1556157
news,Hash2048,9,1568894
news,Hash4096,1,1568498
news,Hash4096,2,1357622
news,Hash4096,3,1336101
news,Hash4096,4,1371498
news,Hash4096,5,1403291
news,Hash4096,6,1424736
news,Hash4096,7,1450102
news,Hash4096,8,1466073
news,Hash4096,9,1483698
news,Hash8192,1,1568498
news,Hash8192,2,1345586
news,Hash8192,3,1291701
news,Hash8192,4,1310460
news,Hash8192,5,1335532
news,Hash8192,6,1358941
news,Hash8192,7,1375927
news,Hash8192,8,1392079
news,Hash8192,9,1406621
news,Hash16384,1,1568498
news,Hash16384,2,1327883
news,Hash16384,3,1264068
news,Hash16384,4,1271784
news,Hash16384,5,1289652
news,Hash16384,6,1302655
news,Hash16384,7,1316718
news,Hash16384,8,1329818
news,Hash16384,9,1341462
news,Hash32768,1,1568498
news,Hash32768,2,1327883
news,Hash32768,3,1248251
news,Hash32768,4,1246749
news,Hash32768,5,1256316
news,Hash32768,6,1267078
news,Hash32768,7,1276341
news,Hash32768,8,1285470
news,Hash32768,9,1293406
news,Hash65536,1,1568498
news,Hash65536,2,1327883
news,Hash65536,3,1240557
news,Hash65536,4,1231856
news,Hash65536,5,1235784
news,Hash65536,6,1241223
news,Hash65536,7,1247248
news,Hash65536,8,1252741
news,Hash65536,9,1258204
news,Hash131072,1,1568498
news,Hash131072,2,1327883
news,Hash131072,3,1231625
news,Hash131072,4,1220268
news,Hash131072,5,1221782
news,Hash131072,6,1224017
news,Hash131072,7,1226599
news,Hash131072,8,1229802
news,Hash131072,9,1231949
news,Hash262144,1,1568498
news,Hash262144,2,1327883
news,Hash262144,3,1228720
news,Hash262144,4,1216851
news,Hash262144,5,1216636
news,Hash262144,6,1217201
news,Hash262144,7,1218052
news,Hash262144,8,1218481
news,Hash262144,9,1220582
news,Hash524288,1,1568498
news,Hash524288,2,1327883
news,Hash524288,3,1228089
news,Hash524288,4,1215426
news,Hash524288,5,1214385
news,Hash524288,6,1214533
news,Hash524288,7,1214836
news,Hash524288,8,1215424
news,Hash524288,9,1215785
obj1,Hash128,1,104372
obj1,Hash128,2,109270.9
obj1,Hash128,3,111823.5
obj1,Hash128,4,114276.5
obj1,Hash128,5,115634.6
obj1,Hash128,6,117130.9
obj1,Hash128,7,118276.7
obj1,Hash128,8,118580.2
obj1,Hash128,9,119200
obj1,Hash256,1,100038.2
obj1,Hash256,2,104028.4
obj1,Hash256,3,106604.3
obj1,Hash256,4,109506.5
obj1,Hash256,5,110916.2
obj1,Hash256,6,111322.5
obj1,Hash256,7,113342.7
obj1,Hash256,8,113813.7
obj1,Hash256,9,115389.2
obj1,Hash512,1,100038.2
obj1,Hash512,2,100554.2
obj1,Hash512,3,102083.7
obj1,Hash512,4,104454.1
obj1,Hash512,5,106365.9
obj1,Hash512,6,107921.5
obj1,Hash512,7,109221.7
obj1,Hash512,8,110177.9
obj1,Hash512,9,110771.9
obj1,Hash1024,1,100049
obj1,Hash1024,2,98041.53
obj1,Hash1024,3,98817.98
obj1,Hash1024,4,100521.6
obj1,Hash1024,5,101874.5
obj1,Hash1024,6,103051.1
obj1,Hash1024,7,104271.4
obj1,Hash1024,8,105029.6
obj1,Hash1024,9,106471.7
obj1,Hash2048,1,100049
obj1,Hash2048,2,96699.45
obj1,Hash2048,3,96342.49
obj1,Hash2048,4,97400.04
obj1,Hash2048,5,98122.13
obj1,Hash2048,6,99142.76
obj1,Hash2048,7,99788.59
obj1,Hash2048,8,100600.5
obj1,Hash2048,9,101236.1
obj1,Hash4096,1,100049
obj1,Hash4096,2,96185.61
obj1,Hash4096,3,95256.14
obj1,Hash4096,4,95402.13
obj1,Hash4096,5,96026.4
obj1,Hash4096,6,96544.73
obj1,Hash4096,7,97026.11
obj1,Hash4096,8,97623.22
obj1,Hash4096,9,98095.62
obj1,Hash8192,1,100049
obj1,Hash8192,2,95997.59
obj1,Hash8192,3,94914.3
obj1,Hash8192,4,94964.93
obj1,Hash8192,5,95124.69
obj1,Hash8192,6,95400.19
obj1,Hash8192,7,95630.69
obj1,Hash8192,8,95796.71
obj1,Hash8192,9,96122.95
obj1,Hash16384,1,100049
obj1,Hash16384,2,95834.14
obj1,Hash16384,3,94839.11
obj1,Hash16384,4,94692.81
obj1,Hash16384,5,94697.81
obj1,Hash16384,6,94785.39
obj1,Hash16384,7,94895.53
obj1,Hash16384,8,95003.09
obj1,Hash16384,9,95088.69
obj1,Hash32768,1,100049
obj1,Hash32768,2,95765.71
obj1,Hash32768,3,94661.58
obj1,Hash32768,4,94421.51
obj1,Hash32768,5,94357
obj1,Hash32768,6,94477.66
obj1,Hash32768,7,94437.97
obj1,Hash32768,8,94463.6
obj1,Hash32768,9,94522.71
obj1,Hash65536,1,100049
obj1,Hash65536,2,95765.71
obj1,Hash65536,3,94741.61
obj1,Hash65536,4,94383.29
obj1,Hash65536,5,94321.9
obj1,Hash65536,6,94265.34
obj1,Hash65536,7,94282.21
obj1,Hash65536,8,94277.85
obj1,Hash65536,9,94290.25
obj1,Hash131072,1,100049
obj1,Hash131072,2,95765.71
obj1,Hash131072,3,94575.37
obj1,Hash131072,4,94350.34
obj1,Hash131072,5,94286.87
obj1,Hash131072,6,94260.65
obj1,Hash131072,7,94223.69
obj1,Hash131072,8,94222.8
obj1,Hash131072,9,94191.78
obj1,Hash262144,1,100049
obj1,Hash262144,2,95765.71
obj1,Hash262144,3,94570.77
obj1,Hash262144,4,94340.54
obj1,Hash262144,5,94298.89
obj1,Hash262144,6,94259.63
obj1,Hash262144,7,94207.22
obj1,Hash262144,8,94187.25
obj1,Hash262144,9,94161.09
obj1,Hash524288,1,100049
obj1,Hash524288,2,95597.03
obj1,Hash524288,3,94403.79
obj1,Hash524288,4,94166.77
obj1,Hash524288,5,94129.64
obj1,Hash524288,6,94079.14
obj1,Hash524288,7,94152.64
obj1,Hash524288,8,94027.25
obj1,Hash524288,9,94017.55
obj2,Hash128,1,1050533
obj2,Hash128,2,1153356
obj2,Hash128,3,1247322
obj2,Hash128,4,1358253
obj2,Hash128,5,1420394
obj2,Hash128,6,1429728
obj2,Hash128,7,1477166
obj2,Hash128,8,1481095
obj2,Hash128,9,1495567
obj2,Hash256,1,1002473
obj2,Hash256,2,1093219
obj2,Hash256,3,1161683
obj2,Hash256,4,1253319
obj2,Hash256,5,1344071
obj2,Hash256,6,1365775
obj2,Hash256,7,1420956
obj2,Hash256,8,1429637
obj2,Hash256,9,1472776
obj2,Hash512,1,1002473
obj2,Hash512,2,1027930
obj2,Hash512,3,1104437
obj2,Hash512,4,1186091
obj2,Hash512,5,1263848
obj2,Hash512,6,1295903
obj2,Hash512,7,1345024
obj2,Hash512,8,1300062
obj2,Hash512,9,1385526
obj2,Hash1024,1,1002345
obj2,Hash1024,2,986656.1
obj2,Hash1024,3,1026512
obj2,Hash1024,4,1097654
obj2,Hash1024,5,1161968
obj2,Hash1024,6,1154577
obj2,Hash1024,7,1207948
obj2,Hash1024,8,1219112
obj2,Hash1024,9,1289331
obj2,Hash2048,1,1002345
obj2,Hash2048,2,936122.6
obj2,Hash2048,3,967971.1
obj2,Hash2048,4,1042053
obj2,Hash2048,5,1053354
obj2,Hash2048,6,1086559
obj2,Hash2048,7,1109989
obj2,Hash2048,8,1148106
obj2,Hash2048,9,1205078
obj2,Hash4096,1,1002345
obj2,Hash4096,2,909068.3
obj2,Hash4096,3,913820.7
obj2,Hash4096,4,952132.7
obj2,Hash4096,5,978651.4
obj2,Hash4096,6,999648.1
obj2,Hash4096,7,1014566
obj2,Hash4096,8,1032115
obj2,Hash4096,9,1058626
obj2,Hash8192,1,1002345
obj2,Hash8192,2,888007
obj2,Hash8192,3,878965.3
obj2,Hash8192,4,899743.7
obj2,Hash8192,5,923953.8
obj2,Hash8192,6,946065.1
obj2,Hash8192,7,964402.2
obj2,Hash8192,8,984650.9
obj2,Hash8192,9,1005168
obj2,Hash16384,1,1002345
obj2,Hash16384,2,877021
obj2,Hash16384,3,854594.7
obj2,Hash16384,4,866795.9
obj2,Hash16384,5,882113.1
obj2,Hash16384,6,897445.5
obj2,Hash16384,7,904258.8
obj2,Hash16384,8,922516.6
obj2,Hash16384,9,936804.1
obj2,Hash32768,1,1002345
obj2,Hash32768,2,876009.5
obj2,Hash32768,3,844575.7
obj2,Hash32768,4,844866.3
obj2,Hash32768,5,853582.3
obj2,Hash32768,6,864883
obj2,Hash32768,7,871225.5
obj2,Hash32768,8,881079.2
obj2,Hash32768,9,889878.5
obj2,Hash65536,1,1002345
obj2,Hash65536,2,876009.5
obj2,Hash65536,3,839166.4
obj2,Hash65536,4,831737
obj2,Hash65536,5,836140.9
obj2,Hash65536,6,840604.8
obj2,Hash65536,7,847514.9
obj2,Hash65536,8,855569.8
obj2,Hash65536,9,859547.9
obj2,Hash131072,1,1002345
obj2,Hash131072,2,876009.5
obj2,Hash131072,3,836904.7
obj2,Hash131072,4,825167.8
obj2,Hash131072,5,829506.3
obj2,Hash131072,6,830789.2
obj2,Hash131072,7,836613
obj2,Hash131072,8,839123
obj2,Hash131072,9,840785.3
obj2,Hash262144,1,1002345
obj2,Hash262144,2,876009.5
obj2,Hash262144,3,835789.3
obj2,Hash262144,4,824952.8
obj2,Hash262144,5,824690.1
obj2,Hash262144,6,825875.5
obj2,Hash262144,7,828273.1
obj2,Hash262144,8,830792.8
obj2,Hash262144,9,830704.5
obj2,Hash524288,1,1002345
obj2,Hash524288,2,875945
obj2,Hash524288,3,835735.2
obj2,Hash524288,4,823355.5
obj2,Hash524288,5,823645.4
obj2,Hash524288,6,823853.2
obj2,Hash524288,7,825384.7
obj2,Hash524288,8,824309.1
obj2,Hash524288,9,825783.1
paper1,Hash128,1,205470.2
paper1,Hash128,2,212036.5
paper1,Hash128,3,220454.8
paper1,Hash128,4,226897.3
paper1,Hash128,5,228952.4
paper1,Hash128,6,231274.1
paper1,Hash128,7,235139.1
paper1,Hash128,8,236310.7
paper1,Hash128,9,240466.4
paper1,Hash256,1,205470.2
paper1,Hash256,2,202723
paper1,Hash256,3,210799.4
paper1,Hash256,4,214990.9
paper1,Hash256,5,218702.7
paper1,Hash256,6,222126.2
paper1,Hash256,7,226006.4
paper1,Hash256,8,226925.9
paper1,Hash256,9,229985.7
paper1,Hash512,1,205470.2
paper1,Hash512,2,193522.3
paper1,Hash512,3,200358.6
paper1,Hash512,4,206713.5
paper1,Hash512,5,211471.5
paper1,Hash512,6,214018.2
paper1,Hash512,7,216599.7
paper1,Hash512,8,218741.7
paper1,Hash512,9,220379.1
paper1,Hash1024,1,205481.4
paper1,Hash1024,2,187174.8
paper1,Hash1024,3,190854.3
paper1,Hash1024,4,195910.6
paper1,Hash1024,5,200283.3
paper1,Hash1024,6,204268.2
paper1,Hash1024,7,207577.6
paper1,Hash1024,8,208716.2
paper1,Hash1024,9,211522.9
paper1,Hash2048,1,205481.4
paper1,Hash2048,2,183904.8
paper1,Hash2048,3,184236.2
paper1,Hash2048,4,187722.8
paper1,Hash2048,5,191230.6
paper1,Hash2048,6,194619.3
paper1,Hash2048,7,197666.3
paper1,Hash2048,8,200122.4
paper1,Hash2048,9,201661.7
paper1,Hash4096,1,205481.4
paper1,Hash4096,2,183086.6
paper1,Hash4096,3,180559.5
paper1,Hash4096,4,182490.9
paper1,Hash4096,5,185208.5
paper1,Hash4096,6,187134.8
paper1,Hash4096,7,189608.5
paper1,Hash4096,8,191232.6
paper1,Hash4096,9,192353.6
paper1,Hash8192,1,205481.4
paper1,Hash8192,2,182500.1
paper1,Hash8192,3,178276.5
paper1,Hash8192,4,179170.8
paper1,Hash8192,5,180666.9
paper1,Hash8192,6,182039
paper1,Hash8192,7,183599.2
paper1,Hash8192,8,184676.6
paper1,Hash8192,9,185308.6
paper1,Hash16384,1,205481.4
paper1,Hash16384,2,180167.7
paper1,Hash16384,3,176924.6
paper1,Hash16384,4,176998.5
paper1,Hash16384,5,177897
paper1,Hash16384,6,178652.5
paper1,Hash16384,7,179408.5
paper1,Hash16384,8,180080.3
paper1,Hash16384,9,180767.4
paper1,Hash32768,1,205481.4
paper1,Hash32768,2,180167.7
paper1,Hash32768,3,176395.5
paper1,Hash32768,4,176317.2
paper1,Hash32768,5,176720.8
paper1,Hash32768,6,177148
paper1,Hash32768,7,177570
paper1,Hash32768,8,177825.2
paper1,Hash32768,9,178200.7
paper1,Hash65536,1,205481.4
paper1,Hash65536,2,180167.7
paper1,Hash65536,3,176139.5
paper1,Hash65536,4,175923.6
paper1,Hash65536,5,176118.8
paper1,Hash65536,6,176297.4
paper1,Hash65536,7,176420
paper1,Hash65536,8,176481.1
paper1,Hash65536,9,176718
paper1,Hash131072,1,205481.4
paper1,Hash131072,2,180167.7
paper1,Hash131072,3,175794.8
paper1,Hash131072,4,175501.5
paper1,Hash131072,5,175589.1
paper1,Hash131072,6,175724.4
paper1,Hash131072,7,175807.9
paper1,Hash131072,8,175854
paper1,Hash131072,9,175967
paper1,Hash262144,1,205481.4
paper1,Hash262144,2,180167.7
paper1,Hash262144,3,175701.6
paper1,Hash262144,4,175391.7
paper1,Hash262144,5,175486.2
paper1,Hash262144,6,175550.5
paper1,Hash262144,7,175604.9
paper1,Hash262144,8,175610.5
paper1,Hash262144,9,175637.9
paper1,Hash524288,1,205481.4
paper1,Hash524288,2,180167.7
paper1,Hash524288,3,175640.2
paper1,Hash524288,4,175335.9
paper1,Hash524288,5,175391
paper1,Hash524288,6,175409.5
paper1,Hash524288,7,175395.1
paper1,Hash524288,8,175413.5
paper1,Hash524288,9,175419.8
paper2,Hash128,1,300966.7
paper2,Hash128,2,304560.5
paper2,Hash128,3,316633.6
paper2,Hash128,4,321213.2
paper2,Hash128,5,327325.1
paper2,Hash128,6,329867.3
paper2,Hash128,7,335951.6
paper2,Hash128,8,337052.6
paper2,Hash128,9,340137.8
paper2,Hash256,1,300966.7
paper2,Hash256,2,289810.9
paper2,Hash256,3,301012.1
paper2,Hash256,4,310068.5
paper2,Hash256,5,314658.6
paper2,Hash256,6,318812.4
paper2,Hash256,7,321407.7
paper2,Hash256,8,325788.9
paper2,Hash256,9,327128
paper2,Hash512,1,300966.7
paper2,Hash512,2,276846.6
paper2,Hash512,3,284583.9
paper2,Hash512,4,293685.7
paper2,Hash512,5,300033.3
paper2,Hash512,6,305488.4
paper2,Hash512,7,309678.3
paper2,Hash512,8,313269.9
paper2,Hash512,9,315855
paper2,Hash1024,1,300982.6
paper2,Hash1024,2,270755.8
paper2,Hash1024,3,273038.8
paper2,Hash1024,4,280427.3
paper2,Hash1024,5,286888
paper2,Hash1024,6,290361.6
paper2,Hash1024,7,294704
paper2,Hash1024,8,299253.6
paper2,Hash1024,9,302143
paper2,Hash2048,1,300982.6
paper2,Hash2048,2,266932.6
paper2,Hash2048,3,264334.6
paper2,Hash2048,4,269320.4
paper2,Hash2048,5,274683.8
paper2,Hash2048,6,278677.4
paper2,Hash2048,7,282325.8
paper2,Hash2048,8,286633.7
paper2,Hash2048,9,289709.9
paper2,Hash4096,1,300982.6
paper2,Hash4096,2,265476.2
paper2,Hash4096,3,258303.2
paper2,Hash4096,4,261646.3
paper2,Hash4096,5,265346.8
paper2,Hash4096,6,268540.8
paper2,Hash4096,7,271359.3
paper2,Hash4096,8,273854
paper2,Hash4096,9,275893.2
paper2,Hash8192,1,300982.6
paper2,Hash8192,2,265113.5
paper2,Hash8192,3,254826.2
paper2,Hash8192,4,256415.4
paper2,Hash8192,5,258935.3
paper2,Hash8192,6,261253.9
paper2,Hash8192,7,263143.1
paper2,Hash8192,8,264588.8
paper2,Hash8192,9,266204.2
paper2,Hash16384,1,300982.6
paper2,Hash16384,2,261928.9
paper2,Hash16384,3,253132
paper2,Hash16384,4,253254.9
paper2,Hash16384,5,254804.9
paper2,Hash16384,6,256025.4
paper2,Hash16384,7,257052.9
paper2,Hash16384,8,258030.2
paper2,Hash16384,9,258997.6
paper2,Hash32768,1,300982.6
paper2,Hash32768,2,261928.9
paper2,Hash32768,3,251910.7
paper2,Hash32768,4,251538.3
paper2,Hash32768,5,252276.4
paper2,Hash32768,6,252895.1
paper2,Hash32768,7,253571.6
paper2,Hash32768,8,254341.3
paper2,Hash32768,9,254801.6
paper2,Hash65536,1,300982.6
paper2,Hash65536,2,261928.9
paper2,Hash65536,3,251426.4
paper2,Hash65536,4,250795.8
paper2,Hash65536,5,251267.6
paper2,Hash65536,6,251532.7
paper2,Hash65536,7,251864.6
paper2,Hash65536,8,252129.7
paper2,Hash65536,9,252414.1
paper2,Hash131072,1,300982.6
paper2,Hash131072,2,261928.9
paper2,Hash131072,3,250913.3
paper2,Hash131072,4,250038.6
paper2,Hash131072,5,250317
paper2,Hash131072,6,250458.4
paper2,Hash131072,7,250618.5
paper2,Hash131072,8,250635.5
paper2,Hash131072,9,250723.1
paper2,Hash262144,1,300982.6
paper2,Hash262144,2,261928.9
paper2,Hash262144,3,250826.1
paper2,Hash262144,4,249916.9
paper2,Hash262144,5,250066.7
paper2,Hash262144,6,250128.3
paper2,Hash262144,7,250235
paper2,Hash262144,8,250205.6
paper2,Hash262144,9,250263.5
paper2,Hash524288,1,300982.6
paper2,Hash524288,2,261928.9
paper2,Hash524288,3,250822.1
paper2,Hash524288,4,249909
paper2,Hash524288,5,250014.4
paper2,Hash524288,6,250095.4
paper2,Hash524288,7,250128.4
paper2,Hash524288,8,250126.2
paper2,Hash524288,9,250112.1
paper3,Hash128,1,175652.8
paper3,Hash128,2,177676.6
paper3,Hash128,3,182598.1
paper3,Hash128,4,186210.3
paper3,Hash128,5,188803.6
paper3,Hash128,6,191191.4
paper3,Hash128,7,193370.3
paper3,Hash128,8,194540.7
paper3,Hash128,9,196356.9
paper3,Hash256,1,175652.8
paper3,Hash256,2,172230.5
paper3,Hash256,3,176781.7
paper3,Hash256,4,179544.8
paper3,Hash256,5,182888.8
paper3,Hash256,6,185025.8
paper3,Hash256,7,186201.2
paper3,Hash256,8,188042.2
paper3,Hash256,9,189361.7
paper3,Hash512,1,175652.8
paper3,Hash512,2,167547.5
paper3,Hash512,3,170775.8
paper3,Hash512,4,174292
paper3,Hash512,5,176765
paper3,Hash512,6,178669.2
paper3,Hash512,7,181166.4
paper3,Hash512,8,181590.9
paper3,Hash512,9,183240
paper3,Hash1024,1,175677.8
paper3,Hash1024,2,165235.1
paper3,Hash1024,3,166372.4
paper3,Hash1024,4,169235.4
paper3,Hash1024,5,171253.9
paper3,Hash1024,6,172896.9
paper3,Hash1024,7,174124.8
paper3,Hash1024,8,175585.3
paper3,Hash1024,9,176492
paper3,Hash2048,1,175677.8
paper3,Hash2048,2,163867.1
paper3,Hash2048,3,163809.8
paper3,Hash2048,4,165530.4
paper3,Hash2048,5,167006.7
paper3,Hash2048,6,168327.3
paper3,Hash2048,7,169482.3
paper3,Hash2048,8,170533
paper3,Hash2048,9,171700.3
paper3,Hash4096,1,175677.8
paper3,Hash4096,2,163447.3
paper3,Hash4096,3,161730.8
paper3,Hash4096,4,162838
paper3,Hash4096,5,163880.2
paper3,Hash4096,6,164960
paper3,Hash4096,7,166045.7
paper3,Hash4096,8,166708.6
paper3,Hash4096,9,167213.3
paper3,Hash8192,1,175677.8
paper3,Hash8192,2,163314.3
paper3,Hash8192,3,160961.9
paper3,Hash8192,4,161501.9
paper3,Hash8192,5,161752.6
paper3,Hash8192,6,162650.5
paper3,Hash8192,7,163196.2
paper3,Hash8192,8,163477.5
paper3,Hash8192,9,163850
paper3,Hash16384,1,175677.8
paper3,Hash16384,2,161796.4
paper3,Hash16384,3,159862.5
paper3,Hash16384,4,160078.7
paper3,Hash16384,5,160289.1
paper3,Hash16384,6,160732.5
paper3,Hash16384,7,161091.1
paper3,Hash16384,8,161392.2
paper3,Hash16384,9,161802
paper3,Hash32768,1,175677.8
paper3,Hash32768,2,161796.4
paper3,Hash32768,3,159489.8
paper3,Hash32768,4,159641.3
paper3,Hash32768,5,159786.7
paper3,Hash32768,6,160057.9
paper3,Hash32768,7,160204.1
paper3,Hash32768,8,160301.6
paper3,Hash32768,9,160539.1
paper3,Hash65536,1,175677.8
paper3,Hash65536,2,161796.4
paper3,Hash65536,3,159316.3
paper3,Hash65536,4,159423
paper3,Hash65536,5,159737.6
paper3,Hash65536,6,159755.9
paper3,Hash65536,7,159780.2
paper3,Hash65536,8,159817.4
paper3,Hash65536,9,159895.8
paper3,Hash131072,1,175677.8
paper3,Hash131072,2,161796.4
paper3,Hash131072,3,159070.9
paper3,Hash131072,4,159022.7
paper3,Hash131072,5,159067.6
paper3,Hash131072,6,159068.8
paper3,Hash131072,7,159077.4
paper3,Hash131072,8,159063.6
paper3,Hash131072,9,159119.4
paper3,Hash262144,1,175677.8
paper3,Hash262144,2,161796.4
paper3,Hash262144,3,159054
paper3,Hash262144,4,159047.4
paper3,Hash262144,5,159061
paper3,Hash262144,6,159086.3
paper3,Hash262144,7,159056.8
paper3,Hash262144,8,159041.1
paper3,Hash262144,9,159082.3
paper3,Hash524288,1,175677.8
paper3,Hash524288,2,161796.4
paper3,Hash524288,3,159046
paper3,Hash524288,4,159044.2
paper3,Hash524288,5,159071.2
paper3,Hash524288,6,159082.9
paper3,Hash524288,7,159097.5
paper3,Hash524288,8,159103.3
paper3,Hash524288,9,159134.8
paper4,Hash128,1,52795.94
paper4,Hash128,2,53624.91
paper4,Hash128,3,54730.99
paper4,Hash128,4,55618.87
paper4,Hash128,5,56109.38
paper4,Hash128,6,56549.36
paper4,Hash128,7,57799.93
paper4,Hash128,8,57512.06
paper4,Hash128,9,58695.05
paper4,Hash256,1,52795.94
paper4,Hash256,2,52783.15
paper4,Hash256,3,53531.41
paper4,Hash256,4,54188.45
paper4,Hash256,5,54502.9
paper4,Hash256,6,55748.5
paper4,Hash256,7,56303.14
paper4,Hash256,8,57099.49
paper4,Hash256,9,56749.63
paper4,Hash512,1,52795.94
paper4,Hash512,2,52010.95
paper4,Hash512,3,52582.69
paper4,Hash512,4,52991.81
paper4,Hash512,5,53387.21
paper4,Hash512,6,53577.18
paper4,Hash512,7,53942.62
paper4,Hash512,8,54902.24
paper4,Hash512,9,55053.21
paper4,Hash1024,1,52797.9
paper4,Hash1024,2,51769.87
paper4,Hash1024,3,51966.16
paper4,Hash1024,4,52118.38
paper4,Hash1024,5,52499.51
paper4,Hash1024,6,52732.54
paper4,Hash1024,7,52957.76
paper4,Hash1024,8,53222.9
paper4,Hash1024,9,53443
paper4,Hash2048,1,52797.9
paper4,Hash2048,2,51611.52
paper4,Hash2048,3,51750.25
paper4,Hash2048,4,51865.94
paper4,Hash2048,5,52098.5
paper4,Hash2048,6,52194.63
paper4,Hash2048,7,52314.86
paper4,Hash2048,8,52431.1
paper4,Hash2048,9,52624.23
paper4,Hash4096,1,52797.9
paper4,Hash4096,2,51545.39
paper4,Hash4096,3,51572.35
paper4,Hash4096,4,51593.4
paper4,Hash4096,5,51717.09
paper4,Hash4096,6,51789.88
paper4,Hash4096,7,51859.68
paper4,Hash4096,8,51998.11
paper4,Hash4096,9,52071.98
paper4,Hash8192,1,52797.9
paper4,Hash8192,2,51532.21
paper4,Hash8192,3,51480.16
paper4,Hash8192,4,51457.39
paper4,Hash8192,5,51538.95
paper4,Hash8192,6,51524.43
paper4,Hash8192,7,51536.35
paper4,Hash8192,8,51593.16
paper4,Hash8192,9,51687.48
paper4,Hash16384,1,52797.9
paper4,Hash16384,2,51341.86
paper4,Hash16384,3,51288.93
paper4,Hash16384,4,51289.81
paper4,Hash16384,5,51315.28
paper4,Hash16384,6,51308.96
paper4,Hash16384,7,51291.32
paper4,Hash16384,8,51324.13
paper4,Hash16384,9,51326.2
paper4,Hash32768,1,52797.9
paper4,Hash32768,2,51341.86
paper4,Hash32768,3,51280.6
paper4,Hash32768,4,51274.36
paper4,Hash32768,5,51322.65
paper4,Hash32768,6,51287.53
paper4,Hash32768,7,51268.09
paper4,Hash32768,8,51278.81
paper4,Hash32768,9,51285.96
paper4,Hash65536,1,52797.9
paper4,Hash65536,2,51341.86
paper4,Hash65536,3,51258.43
paper4,Hash65536,4,51230.17
paper4,Hash65536,5,51264.16
paper4,Hash65536,6,51244.18
paper4,Hash65536,7,51237.09
paper4,Hash65536,8,51246.38
paper4,Hash65536,9,51249.67
paper4,Hash131072,1,52797.9
paper4,Hash131072,2,51341.86
paper4,Hash131072,3,51257.88
paper4,Hash131072,4,51246.38
paper4,Hash131072,5,51252.81
paper4,Hash131072,6,51265.28
paper4,Hash131072,7,51258.78
paper4,Hash131072,8,51262.97
paper4,Hash131072,9,51255.1
paper4,Hash262144,1,52797.9
paper4,Hash262144,2,51341.86
paper4,Hash262144,3,51233.52
paper4,Hash262144,4,51239.95
paper4,Hash262144,5,51244.89
paper4,Hash262144,6,51259.38
paper4,Hash262144,7,51252.29
paper4,Hash262144,8,51254.47
paper4,Hash262144,9,51256.15
paper4,Hash524288,1,52797.9
paper4,Hash524288,2,51341.86
paper4,Hash524288,3,51233.14
paper4,Hash524288,4,51247.27
paper4,Hash524288,5,51246.16
paper4,Hash524288,6,51257.33
paper4,Hash524288,7,51259.94
paper4,Hash524288,8,51263.46
paper4,Hash524288,9,51266.12
paper5,Hash128,1,50146.78
paper5,Hash128,2,51887.97
paper5,Hash128,3,53001.74
paper5,Hash128,4,53712.06
paper5,Hash128,5,54419.49
paper5,Hash128,6,54086.85
paper5,Hash128,7,55183.49
paper5,Hash128,8,55350.69
paper5,Hash128,9,55824.93
paper5,Hash256,1,50146.78
paper5,Hash256,2,51006.1
paper5,Hash256,3,51857.67
paper5,Hash256,4,52735.06
paper5,Hash256,5,52291.84
paper5,Hash256,6,52802.15
paper5,Hash256,7,53023.9
paper5,Hash256,8,55020.74
paper5,Hash256,9,55073.82
paper5,Hash512,1,50146.78
paper5,Hash512,2,50280.2
paper5,Hash512,3,50635.2
paper5,Hash512,4,51155.69
paper5,Hash512,5,51941.07
paper5,Hash512,6,51518.88
paper5,Hash512,7,51776.14
paper5,Hash512,8,52546.99
paper5,Hash512,9,52834.25
paper5,Hash1024,1,50165.66
paper5,Hash1024,2,49910.64
paper5,Hash1024,3,50203.95
paper5,Hash1024,4,50272.69
paper5,Hash1024,5,50593.45
paper5,Hash1024,6,50760.21
paper5,Hash1024,7,51020.65
paper5,Hash1024,8,51209.69
paper5,Hash1024,9,51356.19
paper5,Hash2048,1,50165.66
paper5,Hash2048,2,49658.4
paper5,Hash2048,3,49687.95
paper5,Hash2048,4,49638.71
paper5,Hash2048,5,49879.53
paper5,Hash2048,6,50027.8
paper5,Hash2048,7,50210.14
paper5,Hash2048,8,50352.6
paper5,Hash2048,9,50469.63
paper5,Hash4096,1,50165.66
paper5,Hash4096,2,49590.22
paper5,Hash4096,3,49538.56
paper5,Hash4096,4,49403.08
paper5,Hash4096,5,49522.56
paper5,Hash4096,6,49609.62
paper5,Hash4096,7,49713.23
paper5,Hash4096,8,49791.61
paper5,Hash4096,9,49817.71
paper5,Hash8192,1,50165.66
paper5,Hash8192,2,49561.58
paper5,Hash8192,3,49452.08
paper5,Hash8192,4,49264.68
paper5,Hash8192,5,49318.77
paper5,Hash8192,6,49335.75
paper5,Hash8192,7,49363.81
paper5,Hash8192,8,49417.1
paper5,Hash8192,9,49469.61
paper5,Hash16384,1,50165.66
paper5,Hash16384,2,49328.62
paper5,Hash16384,3,49244.61
paper5,Hash16384,4,49182.98
paper5,Hash16384,5,49230.48
paper5,Hash16384,6,49242.14
paper5,Hash16384,7,49237.61
paper5,Hash16384,8,49249.24
paper5,Hash16384,9,49222.49
paper5,Hash32768,1,50165.66
paper5,Hash32768,2,49328.62
paper5,Hash32768,3,49253.06
paper5,Hash32768,4,49191.38
paper5,Hash32768,5,49219.84
paper5,Hash32768,6,49206.11
paper5,Hash32768,7,49212.33
paper5,Hash32768,8,49194.91
paper5,Hash32768,9,49199.33
paper5,Hash65536,1,50165.66
paper5,Hash65536,2,49328.62
paper5,Hash65536,3,49249.25
paper5,Hash65536,4,49214.93
paper5,Hash65536,5,49232.77
paper5,Hash65536,6,49227.43
paper5,Hash65536,7,49218.08
paper5,Hash65536,8,49211
paper5,Hash65536,9,49200.48
paper5,Hash131072,1,50165.66
paper5,Hash131072,2,49328.62
paper5,Hash131072,3,49247.5
paper5,Hash131072,4,49223.04
paper5,Hash131072,5,49232.33
paper5,Hash131072,6,49226.12
paper5,Hash131072,7,49217.85
paper5,Hash131072,8,49204.46
paper5,Hash131072,9,49213.79
paper5,Hash262144,1,50165.66
paper5,Hash262144,2,49328.62
paper5,Hash262144,3,49246.61
paper5,Hash262144,4,49220.24
paper5,Hash262144,5,49225.88
paper5,Hash262144,6,49216.78
paper5,Hash262144,7,49213.85
paper5,Hash262144,8,49214.15
paper5,Hash262144,9,49217.42
paper5,Hash524288,1,50165.66
paper5,Hash524288,2,49328.62
paper5,Hash524288,3,49257
paper5,Hash524288,4,49239.06
paper5,Hash524288,5,49244.85
paper5,Hash524288,6,49239.58
paper5,Hash524288,7,49237.02
paper5,Hash524288,8,49235.33
paper5,Hash524288,9,49241.28
paper6,Hash128,1,149227.5
paper6,Hash128,2,154020.4
paper6,Hash128,3,160600.6
paper6,Hash128,4,164544.8
paper6,Hash128,5,168133.7
paper6,Hash128,6,170691.5
paper6,Hash128,7,171980.7
paper6,Hash128,8,172730.1
paper6,Hash128,9,173901.8
paper6,Hash256,1,149227.5
paper6,Hash256,2,147221.3
paper6,Hash256,3,152601
paper6,Hash256,4,158701.7
paper6,Hash256,5,161215.1
paper6,Hash256,6,164082.7
paper6,Hash256,7,164263.1
paper6,Hash256,8,166109
paper6,Hash256,9,167715.7
paper6,Hash512,1,149227.5
paper6,Hash512,2,141967.7
paper6,Hash512,3,145398.8
paper6,Hash512,4,150571.1
paper6,Hash512,5,152249.9
paper6,Hash512,6,155159
paper6,Hash512,7,156979.5
paper6,Hash512,8,160205.5
paper6,Hash512,9,161592
paper6,Hash1024,1,149240.6
paper6,Hash1024,2,137941.8
paper6,Hash1024,3,139465.6
paper6,Hash1024,4,142594
paper6,Hash1024,5,145088.7
paper6,Hash1024,6,147775.8
paper6,Hash1024,7,149732.6
paper6,Hash1024,8,151521.4
paper6,Hash1024,9,154087.5
paper6,Hash2048,1,149240.6
paper6,Hash2048,2,136330
paper6,Hash2048,3,136282.6
paper6,Hash2048,4,138574
paper6,Hash2048,5,140333.8
paper6,Hash2048,6,141861.6
paper6,Hash2048,7,144399.8
paper6,Hash2048,8,144545.6
paper6,Hash2048,9,146635.2
paper6,Hash4096,1,149240.6
paper6,Hash4096,2,135734.1
paper6,Hash4096,3,134265.1
paper6,Hash4096,4,135677.1
paper6,Hash4096,5,137088.9
paper6,Hash4096,6,138367
paper6,Hash4096,7,139546.8
paper6,Hash4096,8,140325.8
paper6,Hash4096,9,141410.7
paper6,Hash8192,1,149240.6
paper6,Hash8192,2,135264.6
paper6,Hash8192,3,133039
paper6,Hash8192,4,133712.1
paper6,Hash8192,5,134481.4
paper6,Hash8192,6,135244.9
paper6,Hash8192,7,136152
paper6,Hash8192,8,136705.6
paper6,Hash8192,9,137528.5
paper6,Hash16384,1,149240.6
paper6,Hash16384,2,133954.7
paper6,Hash16384,3,131877.2
paper6,Hash16384,4,132138.9
paper6,Hash16384,5,132559.9
paper6,Hash16384,6,132975.5
paper6,Hash16384,7,133404.1
paper6,Hash16384,8,133802.1
paper6,Hash16384,9,134221.4
paper6,Hash32768,1,149240.6
paper6,Hash32768,2,133954.7
paper6,Hash32768,3,131563.1
paper6,Hash32768,4,131667.2
paper6,Hash32768,5,131943.9
paper6,Hash32768,6,132128
paper6,Hash32768,7,132339.5
paper6,Hash32768,8,132545.3
paper6,Hash32768,9,132755.4
paper6,Hash65536,1,149240.6
paper6,Hash65536,2,133954.7
paper6,Hash65536,3,131486.2
paper6,Hash65536,4,131563.4
paper6,Hash65536,5,131707
paper6,Hash65536,6,131791.5
paper6,Hash65536,7,131853.5
paper6,Hash65536,8,131977.7
paper6,Hash65536,9,132017.6
paper6,Hash131072,1,149240.6
paper6,Hash131072,2,133954.7
paper6,Hash131072,3,131431.2
paper6,Hash131072,4,131429
paper6,Hash131072,5,131476.5
paper6,Hash131072,6,131490.1
paper6,Hash131072,7,131535
paper6,Hash131072,8,131569.6
paper6,Hash131072,9,131596.6
paper6,Hash262144,1,149240.6
paper6,Hash262144,2,133954.7
paper6,Hash262144,3,131418.5
paper6,Hash262144,4,131392.5
paper6,Hash262144,5,131439.5
paper6,Hash262144,6,131426.5
paper6,Hash262144,7,131471.4
paper6,Hash262144,8,131474
paper6,Hash262144,9,131498.3
paper6,Hash524288,1,149240.6
paper6,Hash524288,2,133954.7
paper6,Hash524288,3,131386.9
paper6,Hash524288,4,131349
paper6,Hash524288,5,131416.6
paper6,Hash524288,6,131384.7
paper6,Hash524288,7,131425
paper6,Hash524288,8,131414.7
paper6,Hash524288,9,131429.8
pic,Hash128,1,639208.2
pic,Hash128,2,664872.5
pic,Hash128,3,650807.1
pic,Hash128,4,671961.7
pic,Hash128,5,662664.3
pic,Hash128,6,668726.1
pic,Hash128,7,683184.7
pic,Hash128,8,691864.9
pic,Hash128,9,698872.9
pic,Hash256,1,634983.5
pic,Hash256,2,657653.2
pic,Hash256,3,634251.6
pic,Hash256,4,644488.9
pic,Hash256,5,640524.5
pic,Hash256,6,647940.3
pic,Hash256,7,659707.4
pic,Hash256,8,667079
pic,Hash256,9,670093
pic,Hash512,1,634983.5
pic,Hash512,2,654604.1
pic,Hash512,3,611568.4
pic,Hash512,4,622235.2
pic,Hash512,5,613447
pic,Hash512,6,625107
pic,Hash512,7,634626.6
pic,Hash512,8,641671.7
pic,Hash512,9,643390.2
pic,Hash1024,1,634990.6
pic,Hash1024,2,617429.8
pic,Hash1024,3,605762.1
pic,Hash1024,4,604947.3
pic,Hash1024,5,602874.2
pic,Hash1024,6,604282.3
pic,Hash1024,7,605069.5
pic,Hash1024,8,612335.2
pic,Hash1024,9,617119.8
pic,Hash2048,1,634990.6
pic,Hash2048,2,617248.3
pic,Hash2048,3,601391.3
pic,Hash2048,4,595298.8
pic,Hash2048,5,593873.1
pic,Hash2048,6,592753.1
pic,Hash2048,7,594765.2
pic,Hash2048,8,596600
pic,Hash2048,9,598731.8
pic,Hash4096,1,634990.6
pic,Hash4096,2,617282.6
pic,Hash4096,3,601232.4
pic,Hash4096,4,592369.3
pic,Hash4096,5,586548.5
pic,Hash4096,6,584930.4
pic,Hash4096,7,585337.8
pic,Hash4096,8,587894.6
pic,Hash4096,9,583845.4
pic,Hash8192,1,634990.6
pic,Hash8192,2,615899.6
pic,Hash8192,3,599599.1
pic,Hash8192,4,591162.8
pic,Hash8192,5,582608.2
pic,Hash8192,6,581299.1
pic,Hash8192,7,574844
pic,Hash8192,8,580349.9
pic,Hash8192,9,573782.2
pic,Hash16384,1,634990.6
pic,Hash16384,2,615950.1
pic,Hash16384,3,594821.1
pic,Hash16384,4,589176.5
pic,Hash16384,5,580558.7
pic,Hash16384,6,576801
pic,Hash16384,7,571510.1
pic,Hash16384,8,569202.1
pic,Hash16384,9,566690
pic,Hash32768,1,634990.6
pic,Hash32768,2,615848.7
pic,Hash32768,3,594872.2
pic,Hash32768,4,589385.7
pic,Hash32768,5,580407.8
pic,Hash32768,6,575988.4
pic,Hash32768,7,568555.6
pic,Hash32768,8,566251.9
pic,Hash32768,9,565096.9
pic,Hash65536,1,634990.6
pic,Hash65536,2,615848.7
pic,Hash65536,3,594921.2
pic,Hash65536,4,589494.6
pic,Hash65536,5,578832.8
pic,Hash65536,6,574850.6
pic,Hash65536,7,568454.7
pic,Hash65536,8,566311
pic,Hash65536,9,565114.3
pic,Hash131072,1,634990.6
pic,Hash131072,2,615848.7
pic,Hash131072,3,594906.3
pic,Hash131072,4,589395.9
pic,Hash131072,5,577089.7
pic,Hash131072,6,574750.5
pic,Hash131072,7,568226.9
pic,Hash131072,8,566028.6
pic,Hash131072,9,564707.3
pic,Hash262144,1,634990.6
pic,Hash262144,2,615848.7
pic,Hash262144,3,594907.6
pic,Hash262144,4,589422
pic,Hash262144,5,577203
pic,Hash262144,6,574906.2
pic,Hash262144,7,568463.5
pic,Hash262144,8,566246.2
pic,Hash262144,9,564800.9
pic,Hash524288,1,634990.6
pic,Hash524288,2,615831.9
pic,Hash524288,3,594820.8
pic,Hash524288,4,589382.1
pic,Hash524288,5,577170.2
pic,Hash524288,6,574878
pic,Hash524288,7,568463.3
pic,Hash524288,8,566318.3
pic,Hash524288,9,565130
progc,Hash128,1,155431
progc,Hash128,2,160841.1
progc,Hash128,3,168342.4
progc,Hash128,4,173277.1
progc,Hash128,5,176809.9
progc,Hash128,6,181287.2
progc,Hash128,7,184373.1
progc,Hash128,8,184900.6
progc,Hash128,9,187051
progc,Hash256,1,155431
progc,Hash256,2,154615.2
progc,Hash256,3,160681.7
progc,Hash256,4,165000.3
progc,Hash256,5,169232
progc,Hash256,6,174058.2
progc,Hash256,7,174346.6
progc,Hash256,8,179014.3
progc,Hash256,9,180542.5
progc,Hash512,1,155431
progc,Hash512,2,147187.2
progc,Hash512,3,153001.2
progc,Hash512,4,157794.9
progc,Hash512,5,160932.9
progc,Hash512,6,163811.7
progc,Hash512,7,167388.3
progc,Hash512,8,170393
progc,Hash512,9,171298.5
progc,Hash1024,1,155362.3
progc,Hash1024,2,142880.8
progc,Hash1024,3,145516.2
progc,Hash1024,4,149074.9
progc,Hash1024,5,153115.7
progc,Hash1024,6,155261.6
progc,Hash1024,7,157637.7
progc,Hash1024,8,159636.4
progc,Hash1024,9,161073.3
progc,Hash2048,1,155362.3
progc,Hash2048,2,140429.3
progc,Hash2048,3,140493.7
progc,Hash2048,4,142948.7
progc,Hash2048,5,145692.8
progc,Hash2048,6,147818.1
progc,Hash2048,7,150024
progc,Hash2048,8,151360.6
progc,Hash2048,9,152885.9
progc,Hash4096,1,155362.3
progc,Hash4096,2,139219.3
progc,Hash4096,3,137803
progc,Hash4096,4,139613.2
progc,Hash4096,5,140776.9
progc,Hash4096,6,142108.1
progc,Hash4096,7,143588.5
progc,Hash4096,8,144920.6
progc,Hash4096,9,146160.7
progc,Hash8192,1,155362.3
progc,Hash8192,2,138692.5
progc,Hash8192,3,136326.6
progc,Hash8192,4,136676.5
progc,Hash8192,5,137380.4
progc,Hash8192,6,138044.5
progc,Hash8192,7,138923.3
progc,Hash8192,8,139809.3
progc,Hash8192,9,140660.2
progc,Hash16384,1,155362.3
progc,Hash16384,2,137492.3
progc,Hash16384,3,135491.9
progc,Hash16384,4,135294.9
progc,Hash16384,5,135708.8
progc,Hash16384,6,136117.5
progc,Hash16384,7,136594.5
progc,Hash16384,8,137034.7
progc,Hash16384,9,137218.2
progc,Hash32768,1,155362.3
progc,Hash32768,2,137492.3
progc,Hash32768,3,135286.1
progc,Hash32768,4,134956.3
progc,Hash32768,5,135159.2
progc,Hash32768,6,135415.3
progc,Hash32768,7,135629.3
progc,Hash32768,8,135829.4
progc,Hash32768,9,135937
progc,Hash65536,1,155362.3
progc,Hash65536,2,137492.3
progc,Hash65536,3,135221.5
progc,Hash65536,4,134861.7
progc,Hash65536,5,134969.7
progc,Hash65536,6,135054.9
progc,Hash65536,7,135080.7
progc,Hash65536,8,135177.4
progc,Hash65536,9,135240.8
progc,Hash131072,1,155362.3
progc,Hash131072,2,137492.3
progc,Hash131072,3,134993.5
progc,Hash131072,4,134621.9
progc,Hash131072,5,134721.3
progc,Hash131072,6,134795.3
progc,Hash131072,7,134832.7
progc,Hash131072,8,134847.5
progc,Hash131072,9,134843.7
progc,Hash262144,1,155362.3
progc,Hash262144,2,137492.3
progc,Hash262144,3,134991.8
progc,Hash262144,4,134611.6
progc,Hash262144,5,134664.6
progc,Hash262144,6,134706.8
progc,Hash262144,7,134720.9
progc,Hash262144,8,134727.9
progc,Hash262144,9,134705.1
progc,Hash524288,1,155362.3
progc,Hash524288,2,137492.3
progc,Hash524288,3,134979.1
progc,Hash524288,4,134600.4
progc,Hash524288,5,134623
progc,Hash524288,6,134622.6
progc,Hash524288,7,134625.8
progc,Hash524288,8,134625.1
progc,Hash524288,9,134603
progl,Hash128,1,239142.7
progl,Hash128,2,249141.8
progl,Hash128,3,262395.6
progl,Hash128,4,276813
progl,Hash128,5,281997.7
progl,Hash128,6,287923.7
progl,Hash128,7,289112.1
progl,Hash128,8,291741.6
progl,Hash128,9,295805.3
progl,Hash256,1,239142.7
progl,Hash256,2,235612.2
progl,Hash256,3,248636.4
progl,Hash256,4,260670
progl,Hash256,5,267150
progl,Hash256,6,271520.9
progl,Hash256,7,273115.9
progl,Hash256,8,277073.9
progl,Hash256,9,282518.5
progl,Hash512,1,239142.7
progl,Hash512,2,219538.5
progl,Hash512,3,226103.2
progl,Hash512,4,238368.1
progl,Hash512,5,245923.5
progl,Hash512,6,252428.4
progl,Hash512,7,259506.9
progl,Hash512,8,264959.7
progl,Hash512,9,268570.1
progl,Hash1024,1,239104.2
progl,Hash1024,2,212179.4
progl,Hash1024,3,213150.4
progl,Hash1024,4,221954.4
progl,Hash1024,5,228287.2
progl,Hash1024,6,235172.8
progl,Hash1024,7,240591
progl,Hash1024,8,243254
progl,Hash1024,9,249323.9
progl,Hash2048,1,239104.2
progl,Hash2048,2,207823.3
progl,Hash2048,3,202210.6
progl,Hash2048,4,207752
progl,Hash2048,5,212660.5
progl,Hash2048,6,217712
progl,Hash2048,7,223370.1
progl,Hash2048,8,228601.3
progl,Hash2048,9,232314.6
progl,Hash4096,1,239104.2
progl,Hash4096,2,204195.2
progl,Hash4096,3,197491.3
progl,Hash4096,4,199153.3
progl,Hash4096,5,202453.7
progl,Hash4096,6,205647.9
progl,Hash4096,7,209386.9
progl,Hash4096,8,212263.3
progl,Hash4096,9,214908.3
progl,Hash8192,1,239104.2
progl,Hash8192,2,203112.1
progl,Hash8192,3,193531.9
progl,Hash8192,4,193603.2
progl,Hash8192,5,194864.5
progl,Hash8192,6,197267.8
progl,Hash8192,7,199614.4
progl,Hash8192,8,201685.8
progl,Hash8192,9,203655.5
progl,Hash16384,1,239104.2
progl,Hash16384,2,201262
progl,Hash16384,3,192020.2
progl,Hash16384,4,191109
progl,Hash16384,5,191503.9
progl,Hash16384,6,192503.6
progl,Hash16384,7,193426.2
progl,Hash16384,8,194553.1
progl,Hash16384,9,195742.6
progl,Hash32768,1,239104.2
progl,Hash32768,2,201262
progl,Hash32768,3,190715.3
progl,Hash32768,4,189551
progl,Hash32768,5,189638.5
progl,Hash32768,6,189702.8
progl,Hash32768,7,190137.6
progl,Hash32768,8,190691.1
progl,Hash32768,9,191271.3
progl,Hash65536,1,239104.2
progl,Hash65536,2,201262
progl,Hash65536,3,190330.9
progl,Hash65536,4,188995
progl,Hash65536,5,188835.2
progl,Hash65536,6,188809.8
progl,Hash65536,7,188921.6
progl,Hash65536,8,189043.4
progl,Hash65536,9,189196.3
progl,Hash131072,1,239104.2
progl,Hash131072,2,201262
progl,Hash131072,3,189926.7
progl,Hash131072,4,188488.9
progl,Hash131072,5,188224.7
progl,Hash131072,6,188061
progl,Hash131072,7,188001.1
progl,Hash131072,8,188029.9
progl,Hash131072,9,188055.3
progl,Hash262144,1,239104.2
progl,Hash262144,2,201262
progl,Hash262144,3,189885.3
progl,Hash262144,4,188442.4
progl,Hash262144,5,188040.5
progl,Hash262144,6,187888.7
progl,Hash262144,7,187794.7
progl,Hash262144,8,187821.1
progl,Hash262144,9,187869.8
progl,Hash524288,1,239104.2
progl,Hash524288,2,201262
progl,Hash524288,3,189851.1
progl,Hash524288,4,188392.3
progl,Hash524288,5,187961.4
progl,Hash524288,6,187781.1
progl,Hash524288,7,187641.3
progl,Hash524288,8,187665.9
progl,Hash524288,9,187669.7
progp,Hash128,1,169191
progp,Hash128,2,169827
progp,Hash128,3,181302.4
progp,Hash128,4,189974
progp,Hash128,5,196634.9
progp,Hash128,6,200397.9
progp,Hash128,7,202710.1
progp,Hash128,8,205579.2
progp,Hash128,9,206234.5
progp,Hash256,1,169191
progp,Hash256,2,158278.4
progp,Hash256,3,165490.6
progp,Hash256,4,174554.8
progp,Hash256,5,182531.5
progp,Hash256,6,186329.4
progp,Hash256,7,189887.9
progp,Hash256,8,193507.8
progp,Hash256,9,195301.5
progp,Hash512,1,169191
progp,Hash512,2,149099.3
progp,Hash512,3,152405.2
progp,Hash512,4,159672
progp,Hash512,5,166749.7
progp,Hash512,6,172546.3
progp,Hash512,7,177257
progp,Hash512,8,179777.8
progp,Hash512,9,181138
progp,Hash1024,1,169173.2
progp,Hash1024,2,144331.3
progp,Hash1024,3,143232.7
progp,Hash1024,4,149713
progp,Hash1024,5,155475.9
progp,Hash1024,6,158928.4
progp,Hash1024,7,163003.9
progp,Hash1024,8,166134.3
progp,Hash1024,9,168370.2
progp,Hash2048,1,169173.2
progp,Hash2048,2,139857.4
progp,Hash2048,3,135548.9
progp,Hash2048,4,139349.9
progp,Hash2048,5,142807.5
progp,Hash2048,6,145950.8
progp,Hash2048,7,148661.3
progp,Hash2048,8,151863.4
progp,Hash2048,9,154553.8
progp,Hash4096,1,169173.2
progp,Hash4096,2,139326.6
progp,Hash4096,3,132058.9
progp,Hash4096,4,133932.3
progp,Hash4096,5,136059.4
progp,Hash4096,6,138572.4
progp,Hash4096,7,140366
progp,Hash4096,8,142311.6
progp,Hash4096,9,144109.9
progp,Hash8192,1,169173.2
progp,Hash8192,2,138465.9
progp,Hash8192,3,130072.1
progp,Hash8192,4,131026.6
progp,Hash8192,5,132168.4
progp,Hash8192,6,133786.6
progp,Hash8192,7,134760.8
progp,Hash8192,8,135865.9
progp,Hash8192,9,137143.2
progp,Hash16384,1,169173.2
progp,Hash16384,2,136081.8
progp,Hash16384,3,128639.5
progp,Hash16384,4,128846.4
progp,Hash16384,5,129371.2
progp,Hash16384,6,130265.4
progp,Hash16384,7,130772
progp,Hash16384,8,131789.8
progp,Hash16384,9,132321
progp,Hash32768,1,169173.2
progp,Hash32768,2,136081.8
progp,Hash32768,3,128217.9
progp,Hash32768,4,127777.2
progp,Hash32768,5,127887.7
progp,Hash32768,6,128152.9
progp,Hash32768,7,128496.4
progp,Hash32768,8,128916.5
progp,Hash32768,9,129223.7
progp,Hash65536,1,169173.2
progp,Hash65536,2,136081.8
progp,Hash65536,3,128136
progp,Hash65536,4,127579.7
progp,Hash65536,5,127500.8
progp,Hash65536,6,127570
progp,Hash65536,7,127776.3
progp,Hash65536,8,127973.9
progp,Hash65536,9,128161.4
progp,Hash131072,1,169173.2
progp,Hash131072,2,136081.8
progp,Hash131072,3,127930.6
progp,Hash131072,4,127265.3
progp,Hash131072,5,127107.8
progp,Hash131072,6,127218.2
progp,Hash131072,7,127272.5
progp,Hash131072,8,127395.2
progp,Hash131072,9,127485.3
progp,Hash262144,1,169173.2
progp,Hash262144,2,136081.8
progp,Hash262144,3,127899
progp,Hash262144,4,127257.5
progp,Hash262144,5,127068.2
progp,Hash262144,6,127065.1
progp,Hash262144,7,127136.9
progp,Hash262144,8,127143.1
progp,Hash262144,9,127252.9
progp,Hash524288,1,169173.2
progp,Hash524288,2,136081.8
progp,Hash524288,3,127854.8
progp,Hash524288,4,127215.4
progp,Hash524288,5,127005.5
progp,Hash524288,6,126951.5
progp,Hash524288,7,127057.4
progp,Hash524288,8,127025.4
progp,Hash524288,9,127109.1
trans,Hash128,1,328409.2
trans,Hash128,2,353743.8
trans,Hash128,3,380735.1
trans,Hash128,4,405779.1
trans,Hash128,5,421731.1
trans,Hash128,6,430404.4
trans,Hash128,7,457114.2
trans,Hash128,8,459317.2
trans,Hash128,9,471993
trans,Hash256,1,328409.2
trans,Hash256,2,337623.6
trans,Hash256,3,357676.1
trans,Hash256,4,373514.7
trans,Hash256,5,395279.1
trans,Hash256,6,394613.5
trans,Hash256,7,406548.4
trans,Hash256,8,425245
trans,Hash256,9,431603.4
trans,Hash512,1,328409.2
trans,Hash512,2,310045.1
trans,Hash512,3,326078.4
trans,Hash512,4,345417.8
trans,Hash512,5,355060.7
trans,Hash512,6,364781.5
trans,Hash512,7,373111.3
trans,Hash512,8,382364.7
trans,Hash512,9,396777.9
trans,Hash1024,1,328285.3
trans,Hash1024,2,289718.6
trans,Hash1024,3,298226.6
trans,Hash1024,4,313141
trans,Hash1024,5,325256.5
trans,Hash1024,6,334974
trans,Hash1024,7,344141.3
trans,Hash1024,8,351501.2
trans,Hash1024,9,358448.3
trans,Hash2048,1,328285.3
trans,Hash2048,2,275539.4
trans,Hash2048,3,274464.1
trans,Hash2048,4,286854
trans,Hash2048,5,299607.6
trans,Hash2048,6,307683.6
trans,Hash2048,7,316169.4
trans,Hash2048,8,320945.9
trans,Hash2048,9,328337.6
trans,Hash4096,1,328285.3
trans,Hash4096,2,270408.5
trans,Hash4096,3,260794.4
trans,Hash4096,4,266820.9
trans,Hash4096,5,275828.7
trans,Hash4096,6,283737.6
trans,Hash4096,7,290836
trans,Hash4096,8,297021.6
trans,Hash4096,9,303530.4
trans,Hash8192,1,328285.3
trans,Hash8192,2,265756.3
trans,Hash8192,3,252663.8
trans,Hash8192,4,254678.3
trans,Hash8192,5,259555.7
trans,Hash8192,6,265644.3
trans,Hash8192,7,270924.3
trans,Hash8192,8,276312.7
trans,Hash8192,9,281057.7
trans,Hash16384,1,328285.3
trans,Hash16384,2,263015.5
trans,Hash16384,3,248030.9
trans,Hash16384,4,247455.7
trans,Hash16384,5,249471.7
trans,Hash16384,6,251995.3
trans,Hash16384,7,255509.9
trans,Hash16384,8,259513
trans,Hash16384,9,262550.7
trans,Hash32768,1,328285.3
trans,Hash32768,2,263015.5
trans,Hash32768,3,245972.4
trans,Hash32768,4,244606.4
trans,Hash32768,5,244952.2
trans,Hash32768,6,246077.5
trans,Hash32768,7,247506.3
trans,Hash32768,8,249756.2
trans,Hash32768,9,251627.5
trans,Hash65536,1,328285.3
trans,Hash65536,2,263015.5
trans,Hash65536,3,244892.7
trans,Hash65536,4,242685
trans,Hash65536,5,242176.4
trans,Hash65536,6,242631.9
trans,Hash65536,7,243279.8
trans,Hash65536,8,244114.7
trans,Hash65536,9,245034.9
trans,Hash131072,1,328285.3
trans,Hash131072,2,263015.5
trans,Hash131072,3,244079.6
trans,Hash131072,4,241662.7
trans,Hash131072,5,241065
trans,Hash131072,6,241115.2
trans,Hash131072,7,241350
trans,Hash131072,8,241849.8
trans,Hash131072,9,242151.8
trans,Hash262144,1,328285.3
trans,Hash262144,2,263015.5
trans,Hash262144,3,243897
trans,Hash262144,4,241184.5
trans,Hash262144,5,240408.4
trans,Hash262144,6,240459.5
trans,Hash262144,7,240501.3
trans,Hash262144,8,240796.4
trans,Hash262144,9,240886.5
trans,Hash524288,1,328285.3
trans,Hash524288,2,263015.5
trans,Hash524288,3,243722.9
trans,Hash524288,4,240968.4
trans,Hash524288,5,240129.6
trans,Hash524288,6,240028.4
trans,Hash524288,7,240040
trans,Hash524288,8,240115.3
trans,Hash524288,9,240191.9
book2,CTW,1,2298987
book2,CTW,2,1841083
book2,CTW,3,1600137
book2,CTW,4,1549469
book2,CTW,5,1543524
book2,CTW,6,1543342
book2,CTW,7,1542801
book2,CTW,8,1542757
geo,CTW,1,496764.5
geo,CTW,2,500324.6
geo,CTW,3,522353.2
geo,CTW,4,507323.6
geo,CTW,5,507459.7
geo,CTW,6,507467.5
geo,CTW,7,507436.2
geo,CTW,8,507435.7
news,CTW,1,1568498
news,CTW,2,1313125
news,CTW,3,1214733
news,CTW,4,1201447
news,CTW,5,1200342
news,CTW,6,1200105
news,CTW,7,1199980
news,CTW,8,1199985
obj1,CTW,1,100049
obj1,CTW,2,95542.72
obj1,CTW,3,94411.27
obj1,CTW,4,94287.06
obj1,CTW,5,94142.19
obj1,CTW,6,94105.65
obj1,CTW,7,94065.09
obj1,CTW,8,94055.67
obj2,CTW,1,1002345
obj2,CTW,2,860988.5
obj2,CTW,3,827381.4
obj2,CTW,4,814010.2
obj2,CTW,5,812880.6
obj2,CTW,6,811759.3
obj2,CTW,7,812861.5
obj2,CTW,8,812419.3
paper1,CTW,1,205481.4
paper1,CTW,2,179015.1
paper1,CTW,3,174495.8
paper1,CTW,4,174184.5
paper1,CTW,5,174250
paper1,CTW,6,174271.9
paper1,CTW,7,174255.3
paper1,CTW,8,174251.8
paper2,CTW,1,300982.6
paper2,CTW,2,259454.2
paper2,CTW,3,248345
paper2,CTW,4,247650.7
paper2,CTW,5,247743.3
paper2,CTW,6,247764
paper2,CTW,7,247774.7
paper2,CTW,8,247779.1
paper3,CTW,1,175677.8
paper3,CTW,2,160970.1
paper3,CTW,3,158175.4
paper3,CTW,4,158215.2
paper3,CTW,5,158379.6
paper3,CTW,6,158409.5
paper3,CTW,7,158399.3
paper3,CTW,8,158393.4
paper4,CTW,1,52797.9
paper4,CTW,2,51200.58
paper4,CTW,3,51097.01
paper4,CTW,4,51102.32
paper4,CTW,5,51100.87
paper4,CTW,6,51107.26
paper4,CTW,7,51106.87
paper4,CTW,8,51109.99
paper5,CTW,1,50165.66
paper5,CTW,2,49223.06
paper5,CTW,3,49179.3
paper5,CTW,4,49169.93
paper5,CTW,5,49174.69
paper5,CTW,6,49170.72
paper5,CTW,7,49173.56
paper5,CTW,8,49176.33
paper6,CTW,1,149240.6
paper6,CTW,2,133134.6
paper6,CTW,3,130668.6
paper6,CTW,4,130682.5
paper6,CTW,5,130732.2
paper6,CTW,6,130738.4
paper6,CTW,7,130734.1
paper6,CTW,8,130739.7
pic,CTW,1,634990.6
pic,CTW,2,615758.3
pic,CTW,3,594565.8
pic,CTW,4,589161.7
pic,CTW,5,577034.5
pic,CTW,6,574452.3
pic,CTW,7,568065.4
pic,CTW,8,566398.2
progc,CTW,1,155362.3
progc,CTW,2,136986.9
progc,CTW,3,134466.5
progc,CTW,4,134069.2
progc,CTW,5,134040.6
progc,CTW,6,134056.7
progc,CTW,7,134061.9
progc,CTW,8,134068.7
progl,CTW,1,239104.2
progl,CTW,2,198442.1
progl,CTW,3,188048
progl,CTW,4,186542.1
progl,CTW,5,186099.7
progl,CTW,6,185871.8
progl,CTW,7,185722
progl,CTW,8,185714.3
progp,CTW,1,169173.2
progp,CTW,2,135582.4
progp,CTW,3,127389.4
progp,CTW,4,126784.4
progp,CTW,5,126565.5
progp,CTW,6,126485.6
progp,CTW,7,126519.9
progp,CTW,8,126515.6
trans,CTW,1,328285.3
trans,CTW,2,260836.6
trans,CTW,3,242450.1
trans,CTW,4,239618.9
trans,CTW,5,238767.4
trans,CTW,6,238656.4
trans,CTW,7,238600.7
trans,CTW,8,238605
